labels,path
neutral,C:/Users/ajida/Desktop/projects/DIPLOMA/ravdess/audio_speech_actors_01-24/Actor_02/03-01-01-01-01-01-02.wav
neutral,C:/Users/ajida/Desktop/projects/DIPLOMA/ravdess/audio_speech_actors_01-24/Actor_02/03-01-01-01-01-02-02.wav
neutral,C:/Users/ajida/Desktop/projects/DIPLOMA/ravdess/audio_speech_actors_01-24/Actor_02/03-01-01-01-02-01-02.wav
neutral,C:/Users/ajida/Desktop/projects/DIPLOMA/ravdess/audio_speech_actors_01-24/Actor_02/03-01-01-01-02-02-02.wav
calm,C:/Users/ajida/Desktop/projects/DIPLOMA/ravdess/audio_speech_actors_01-24/Actor_02/03-01-02-01-01-01-02.wav
calm,C:/Users/ajida/Desktop/projects/DIPLOMA/ravdess/audio_speech_actors_01-24/Actor_02/03-01-02-01-01-02-02.wav
calm,C:/Users/ajida/Desktop/projects/DIPLOMA/ravdess/audio_speech_actors_01-24/Actor_02/03-01-02-01-02-01-02.wav
calm,C:/Users/ajida/Desktop/projects/DIPLOMA/ravdess/audio_speech_actors_01-24/Actor_02/03-01-02-01-02-02-02.wav
calm,C:/Users/ajida/Desktop/projects/DIPLOMA/ravdess/audio_speech_actors_01-24/Actor_02/03-01-02-02-01-01-02.wav
calm,C:/Users/ajida/Desktop/projects/DIPLOMA/ravdess/audio_speech_actors_01-24/Actor_02/03-01-02-02-01-02-02.wav
calm,C:/Users/ajida/Desktop/projects/DIPLOMA/ravdess/audio_speech_actors_01-24/Actor_02/03-01-02-02-02-01-02.wav
calm,C:/Users/ajida/Desktop/projects/DIPLOMA/ravdess/audio_speech_actors_01-24/Actor_02/03-01-02-02-02-02-02.wav
happy,C:/Users/ajida/Desktop/projects/DIPLOMA/ravdess/audio_speech_actors_01-24/Actor_02/03-01-03-01-01-01-02.wav
happy,C:/Users/ajida/Desktop/projects/DIPLOMA/ravdess/audio_speech_actors_01-24/Actor_02/03-01-03-01-01-02-02.wav
happy,C:/Users/ajida/Desktop/projects/DIPLOMA/ravdess/audio_speech_actors_01-24/Actor_02/03-01-03-01-02-01-02.wav
happy,C:/Users/ajida/Desktop/projects/DIPLOMA/ravdess/audio_speech_actors_01-24/Actor_02/03-01-03-01-02-02-02.wav
happy,C:/Users/ajida/Desktop/projects/DIPLOMA/ravdess/audio_speech_actors_01-24/Actor_02/03-01-03-02-01-01-02.wav
happy,C:/Users/ajida/Desktop/projects/DIPLOMA/ravdess/audio_speech_actors_01-24/Actor_02/03-01-03-02-01-02-02.wav
happy,C:/Users/ajida/Desktop/projects/DIPLOMA/ravdess/audio_speech_actors_01-24/Actor_02/03-01-03-02-02-01-02.wav
happy,C:/Users/ajida/Desktop/projects/DIPLOMA/ravdess/audio_speech_actors_01-24/Actor_02/03-01-03-02-02-02-02.wav
sad,C:/Users/ajida/Desktop/projects/DIPLOMA/ravdess/audio_speech_actors_01-24/Actor_02/03-01-04-01-01-01-02.wav
sad,C:/Users/ajida/Desktop/projects/DIPLOMA/ravdess/audio_speech_actors_01-24/Actor_02/03-01-04-01-01-02-02.wav
sad,C:/Users/ajida/Desktop/projects/DIPLOMA/ravdess/audio_speech_actors_01-24/Actor_02/03-01-04-01-02-01-02.wav
sad,C:/Users/ajida/Desktop/projects/DIPLOMA/ravdess/audio_speech_actors_01-24/Actor_02/03-01-04-01-02-02-02.wav
sad,C:/Users/ajida/Desktop/projects/DIPLOMA/ravdess/audio_speech_actors_01-24/Actor_02/03-01-04-02-01-01-02.wav
sad,C:/Users/ajida/Desktop/projects/DIPLOMA/ravdess/audio_speech_actors_01-24/Actor_02/03-01-04-02-01-02-02.wav
sad,C:/Users/ajida/Desktop/projects/DIPLOMA/ravdess/audio_speech_actors_01-24/Actor_02/03-01-04-02-02-01-02.wav
sad,C:/Users/ajida/Desktop/projects/DIPLOMA/ravdess/audio_speech_actors_01-24/Actor_02/03-01-04-02-02-02-02.wav
angry,C:/Users/ajida/Desktop/projects/DIPLOMA/ravdess/audio_speech_actors_01-24/Actor_02/03-01-05-01-01-01-02.wav
angry,C:/Users/ajida/Desktop/projects/DIPLOMA/ravdess/audio_speech_actors_01-24/Actor_02/03-01-05-01-01-02-02.wav
angry,C:/Users/ajida/Desktop/projects/DIPLOMA/ravdess/audio_speech_actors_01-24/Actor_02/03-01-05-01-02-01-02.wav
angry,C:/Users/ajida/Desktop/projects/DIPLOMA/ravdess/audio_speech_actors_01-24/Actor_02/03-01-05-01-02-02-02.wav
angry,C:/Users/ajida/Desktop/projects/DIPLOMA/ravdess/audio_speech_actors_01-24/Actor_02/03-01-05-02-01-01-02.wav
angry,C:/Users/ajida/Desktop/projects/DIPLOMA/ravdess/audio_speech_actors_01-24/Actor_02/03-01-05-02-01-02-02.wav
angry,C:/Users/ajida/Desktop/projects/DIPLOMA/ravdess/audio_speech_actors_01-24/Actor_02/03-01-05-02-02-01-02.wav
angry,C:/Users/ajida/Desktop/projects/DIPLOMA/ravdess/audio_speech_actors_01-24/Actor_02/03-01-05-02-02-02-02.wav
fear,C:/Users/ajida/Desktop/projects/DIPLOMA/ravdess/audio_speech_actors_01-24/Actor_02/03-01-06-01-01-01-02.wav
fear,C:/Users/ajida/Desktop/projects/DIPLOMA/ravdess/audio_speech_actors_01-24/Actor_02/03-01-06-01-01-02-02.wav
fear,C:/Users/ajida/Desktop/projects/DIPLOMA/ravdess/audio_speech_actors_01-24/Actor_02/03-01-06-01-02-01-02.wav
fear,C:/Users/ajida/Desktop/projects/DIPLOMA/ravdess/audio_speech_actors_01-24/Actor_02/03-01-06-01-02-02-02.wav
fear,C:/Users/ajida/Desktop/projects/DIPLOMA/ravdess/audio_speech_actors_01-24/Actor_02/03-01-06-02-01-01-02.wav
fear,C:/Users/ajida/Desktop/projects/DIPLOMA/ravdess/audio_speech_actors_01-24/Actor_02/03-01-06-02-01-02-02.wav
fear,C:/Users/ajida/Desktop/projects/DIPLOMA/ravdess/audio_speech_actors_01-24/Actor_02/03-01-06-02-02-01-02.wav
fear,C:/Users/ajida/Desktop/projects/DIPLOMA/ravdess/audio_speech_actors_01-24/Actor_02/03-01-06-02-02-02-02.wav
disgust,C:/Users/ajida/Desktop/projects/DIPLOMA/ravdess/audio_speech_actors_01-24/Actor_02/03-01-07-01-01-01-02.wav
disgust,C:/Users/ajida/Desktop/projects/DIPLOMA/ravdess/audio_speech_actors_01-24/Actor_02/03-01-07-01-01-02-02.wav
disgust,C:/Users/ajida/Desktop/projects/DIPLOMA/ravdess/audio_speech_actors_01-24/Actor_02/03-01-07-01-02-01-02.wav
disgust,C:/Users/ajida/Desktop/projects/DIPLOMA/ravdess/audio_speech_actors_01-24/Actor_02/03-01-07-01-02-02-02.wav
disgust,C:/Users/ajida/Desktop/projects/DIPLOMA/ravdess/audio_speech_actors_01-24/Actor_02/03-01-07-02-01-01-02.wav
disgust,C:/Users/ajida/Desktop/projects/DIPLOMA/ravdess/audio_speech_actors_01-24/Actor_02/03-01-07-02-01-02-02.wav
disgust,C:/Users/ajida/Desktop/projects/DIPLOMA/ravdess/audio_speech_actors_01-24/Actor_02/03-01-07-02-02-01-02.wav
disgust,C:/Users/ajida/Desktop/projects/DIPLOMA/ravdess/audio_speech_actors_01-24/Actor_02/03-01-07-02-02-02-02.wav
surprise,C:/Users/ajida/Desktop/projects/DIPLOMA/ravdess/audio_speech_actors_01-24/Actor_02/03-01-08-01-01-01-02.wav
surprise,C:/Users/ajida/Desktop/projects/DIPLOMA/ravdess/audio_speech_actors_01-24/Actor_02/03-01-08-01-01-02-02.wav
surprise,C:/Users/ajida/Desktop/projects/DIPLOMA/ravdess/audio_speech_actors_01-24/Actor_02/03-01-08-01-02-01-02.wav
surprise,C:/Users/ajida/Desktop/projects/DIPLOMA/ravdess/audio_speech_actors_01-24/Actor_02/03-01-08-01-02-02-02.wav
surprise,C:/Users/ajida/Desktop/projects/DIPLOMA/ravdess/audio_speech_actors_01-24/Actor_02/03-01-08-02-01-01-02.wav
surprise,C:/Users/ajida/Desktop/projects/DIPLOMA/ravdess/audio_speech_actors_01-24/Actor_02/03-01-08-02-01-02-02.wav
surprise,C:/Users/ajida/Desktop/projects/DIPLOMA/ravdess/audio_speech_actors_01-24/Actor_02/03-01-08-02-02-01-02.wav
surprise,C:/Users/ajida/Desktop/projects/DIPLOMA/ravdess/audio_speech_actors_01-24/Actor_02/03-01-08-02-02-02-02.wav
neutral,C:/Users/ajida/Desktop/projects/DIPLOMA/ravdess/audio_speech_actors_01-24/Actor_04/03-01-01-01-01-01-04.wav
neutral,C:/Users/ajida/Desktop/projects/DIPLOMA/ravdess/audio_speech_actors_01-24/Actor_04/03-01-01-01-01-02-04.wav
neutral,C:/Users/ajida/Desktop/projects/DIPLOMA/ravdess/audio_speech_actors_01-24/Actor_04/03-01-01-01-02-01-04.wav
neutral,C:/Users/ajida/Desktop/projects/DIPLOMA/ravdess/audio_speech_actors_01-24/Actor_04/03-01-01-01-02-02-04.wav
calm,C:/Users/ajida/Desktop/projects/DIPLOMA/ravdess/audio_speech_actors_01-24/Actor_04/03-01-02-01-01-01-04.wav
calm,C:/Users/ajida/Desktop/projects/DIPLOMA/ravdess/audio_speech_actors_01-24/Actor_04/03-01-02-01-01-02-04.wav
calm,C:/Users/ajida/Desktop/projects/DIPLOMA/ravdess/audio_speech_actors_01-24/Actor_04/03-01-02-01-02-01-04.wav
calm,C:/Users/ajida/Desktop/projects/DIPLOMA/ravdess/audio_speech_actors_01-24/Actor_04/03-01-02-01-02-02-04.wav
calm,C:/Users/ajida/Desktop/projects/DIPLOMA/ravdess/audio_speech_actors_01-24/Actor_04/03-01-02-02-01-01-04.wav
calm,C:/Users/ajida/Desktop/projects/DIPLOMA/ravdess/audio_speech_actors_01-24/Actor_04/03-01-02-02-01-02-04.wav
calm,C:/Users/ajida/Desktop/projects/DIPLOMA/ravdess/audio_speech_actors_01-24/Actor_04/03-01-02-02-02-01-04.wav
calm,C:/Users/ajida/Desktop/projects/DIPLOMA/ravdess/audio_speech_actors_01-24/Actor_04/03-01-02-02-02-02-04.wav
happy,C:/Users/ajida/Desktop/projects/DIPLOMA/ravdess/audio_speech_actors_01-24/Actor_04/03-01-03-01-01-01-04.wav
happy,C:/Users/ajida/Desktop/projects/DIPLOMA/ravdess/audio_speech_actors_01-24/Actor_04/03-01-03-01-01-02-04.wav
happy,C:/Users/ajida/Desktop/projects/DIPLOMA/ravdess/audio_speech_actors_01-24/Actor_04/03-01-03-01-02-01-04.wav
happy,C:/Users/ajida/Desktop/projects/DIPLOMA/ravdess/audio_speech_actors_01-24/Actor_04/03-01-03-01-02-02-04.wav
happy,C:/Users/ajida/Desktop/projects/DIPLOMA/ravdess/audio_speech_actors_01-24/Actor_04/03-01-03-02-01-01-04.wav
happy,C:/Users/ajida/Desktop/projects/DIPLOMA/ravdess/audio_speech_actors_01-24/Actor_04/03-01-03-02-01-02-04.wav
happy,C:/Users/ajida/Desktop/projects/DIPLOMA/ravdess/audio_speech_actors_01-24/Actor_04/03-01-03-02-02-01-04.wav
happy,C:/Users/ajida/Desktop/projects/DIPLOMA/ravdess/audio_speech_actors_01-24/Actor_04/03-01-03-02-02-02-04.wav
sad,C:/Users/ajida/Desktop/projects/DIPLOMA/ravdess/audio_speech_actors_01-24/Actor_04/03-01-04-01-01-01-04.wav
sad,C:/Users/ajida/Desktop/projects/DIPLOMA/ravdess/audio_speech_actors_01-24/Actor_04/03-01-04-01-01-02-04.wav
sad,C:/Users/ajida/Desktop/projects/DIPLOMA/ravdess/audio_speech_actors_01-24/Actor_04/03-01-04-01-02-01-04.wav
sad,C:/Users/ajida/Desktop/projects/DIPLOMA/ravdess/audio_speech_actors_01-24/Actor_04/03-01-04-01-02-02-04.wav
sad,C:/Users/ajida/Desktop/projects/DIPLOMA/ravdess/audio_speech_actors_01-24/Actor_04/03-01-04-02-01-01-04.wav
sad,C:/Users/ajida/Desktop/projects/DIPLOMA/ravdess/audio_speech_actors_01-24/Actor_04/03-01-04-02-01-02-04.wav
sad,C:/Users/ajida/Desktop/projects/DIPLOMA/ravdess/audio_speech_actors_01-24/Actor_04/03-01-04-02-02-01-04.wav
sad,C:/Users/ajida/Desktop/projects/DIPLOMA/ravdess/audio_speech_actors_01-24/Actor_04/03-01-04-02-02-02-04.wav
angry,C:/Users/ajida/Desktop/projects/DIPLOMA/ravdess/audio_speech_actors_01-24/Actor_04/03-01-05-01-01-01-04.wav
angry,C:/Users/ajida/Desktop/projects/DIPLOMA/ravdess/audio_speech_actors_01-24/Actor_04/03-01-05-01-01-02-04.wav
angry,C:/Users/ajida/Desktop/projects/DIPLOMA/ravdess/audio_speech_actors_01-24/Actor_04/03-01-05-01-02-01-04.wav
angry,C:/Users/ajida/Desktop/projects/DIPLOMA/ravdess/audio_speech_actors_01-24/Actor_04/03-01-05-01-02-02-04.wav
angry,C:/Users/ajida/Desktop/projects/DIPLOMA/ravdess/audio_speech_actors_01-24/Actor_04/03-01-05-02-01-01-04.wav
angry,C:/Users/ajida/Desktop/projects/DIPLOMA/ravdess/audio_speech_actors_01-24/Actor_04/03-01-05-02-01-02-04.wav
angry,C:/Users/ajida/Desktop/projects/DIPLOMA/ravdess/audio_speech_actors_01-24/Actor_04/03-01-05-02-02-01-04.wav
angry,C:/Users/ajida/Desktop/projects/DIPLOMA/ravdess/audio_speech_actors_01-24/Actor_04/03-01-05-02-02-02-04.wav
fear,C:/Users/ajida/Desktop/projects/DIPLOMA/ravdess/audio_speech_actors_01-24/Actor_04/03-01-06-01-01-01-04.wav
fear,C:/Users/ajida/Desktop/projects/DIPLOMA/ravdess/audio_speech_actors_01-24/Actor_04/03-01-06-01-01-02-04.wav
fear,C:/Users/ajida/Desktop/projects/DIPLOMA/ravdess/audio_speech_actors_01-24/Actor_04/03-01-06-01-02-01-04.wav
fear,C:/Users/ajida/Desktop/projects/DIPLOMA/ravdess/audio_speech_actors_01-24/Actor_04/03-01-06-01-02-02-04.wav
fear,C:/Users/ajida/Desktop/projects/DIPLOMA/ravdess/audio_speech_actors_01-24/Actor_04/03-01-06-02-01-01-04.wav
fear,C:/Users/ajida/Desktop/projects/DIPLOMA/ravdess/audio_speech_actors_01-24/Actor_04/03-01-06-02-01-02-04.wav
fear,C:/Users/ajida/Desktop/projects/DIPLOMA/ravdess/audio_speech_actors_01-24/Actor_04/03-01-06-02-02-01-04.wav
fear,C:/Users/ajida/Desktop/projects/DIPLOMA/ravdess/audio_speech_actors_01-24/Actor_04/03-01-06-02-02-02-04.wav
disgust,C:/Users/ajida/Desktop/projects/DIPLOMA/ravdess/audio_speech_actors_01-24/Actor_04/03-01-07-01-01-01-04.wav
disgust,C:/Users/ajida/Desktop/projects/DIPLOMA/ravdess/audio_speech_actors_01-24/Actor_04/03-01-07-01-01-02-04.wav
disgust,C:/Users/ajida/Desktop/projects/DIPLOMA/ravdess/audio_speech_actors_01-24/Actor_04/03-01-07-01-02-01-04.wav
disgust,C:/Users/ajida/Desktop/projects/DIPLOMA/ravdess/audio_speech_actors_01-24/Actor_04/03-01-07-01-02-02-04.wav
disgust,C:/Users/ajida/Desktop/projects/DIPLOMA/ravdess/audio_speech_actors_01-24/Actor_04/03-01-07-02-01-01-04.wav
disgust,C:/Users/ajida/Desktop/projects/DIPLOMA/ravdess/audio_speech_actors_01-24/Actor_04/03-01-07-02-01-02-04.wav
disgust,C:/Users/ajida/Desktop/projects/DIPLOMA/ravdess/audio_speech_actors_01-24/Actor_04/03-01-07-02-02-01-04.wav
disgust,C:/Users/ajida/Desktop/projects/DIPLOMA/ravdess/audio_speech_actors_01-24/Actor_04/03-01-07-02-02-02-04.wav
surprise,C:/Users/ajida/Desktop/projects/DIPLOMA/ravdess/audio_speech_actors_01-24/Actor_04/03-01-08-01-01-01-04.wav
surprise,C:/Users/ajida/Desktop/projects/DIPLOMA/ravdess/audio_speech_actors_01-24/Actor_04/03-01-08-01-01-02-04.wav
surprise,C:/Users/ajida/Desktop/projects/DIPLOMA/ravdess/audio_speech_actors_01-24/Actor_04/03-01-08-01-02-01-04.wav
surprise,C:/Users/ajida/Desktop/projects/DIPLOMA/ravdess/audio_speech_actors_01-24/Actor_04/03-01-08-01-02-02-04.wav
surprise,C:/Users/ajida/Desktop/projects/DIPLOMA/ravdess/audio_speech_actors_01-24/Actor_04/03-01-08-02-01-01-04.wav
surprise,C:/Users/ajida/Desktop/projects/DIPLOMA/ravdess/audio_speech_actors_01-24/Actor_04/03-01-08-02-01-02-04.wav
surprise,C:/Users/ajida/Desktop/projects/DIPLOMA/ravdess/audio_speech_actors_01-24/Actor_04/03-01-08-02-02-01-04.wav
surprise,C:/Users/ajida/Desktop/projects/DIPLOMA/ravdess/audio_speech_actors_01-24/Actor_04/03-01-08-02-02-02-04.wav
neutral,C:/Users/ajida/Desktop/projects/DIPLOMA/ravdess/audio_speech_actors_01-24/Actor_06/03-01-01-01-01-01-06.wav
neutral,C:/Users/ajida/Desktop/projects/DIPLOMA/ravdess/audio_speech_actors_01-24/Actor_06/03-01-01-01-01-02-06.wav
neutral,C:/Users/ajida/Desktop/projects/DIPLOMA/ravdess/audio_speech_actors_01-24/Actor_06/03-01-01-01-02-01-06.wav
neutral,C:/Users/ajida/Desktop/projects/DIPLOMA/ravdess/audio_speech_actors_01-24/Actor_06/03-01-01-01-02-02-06.wav
calm,C:/Users/ajida/Desktop/projects/DIPLOMA/ravdess/audio_speech_actors_01-24/Actor_06/03-01-02-01-01-01-06.wav
calm,C:/Users/ajida/Desktop/projects/DIPLOMA/ravdess/audio_speech_actors_01-24/Actor_06/03-01-02-01-01-02-06.wav
calm,C:/Users/ajida/Desktop/projects/DIPLOMA/ravdess/audio_speech_actors_01-24/Actor_06/03-01-02-01-02-01-06.wav
calm,C:/Users/ajida/Desktop/projects/DIPLOMA/ravdess/audio_speech_actors_01-24/Actor_06/03-01-02-01-02-02-06.wav
calm,C:/Users/ajida/Desktop/projects/DIPLOMA/ravdess/audio_speech_actors_01-24/Actor_06/03-01-02-02-01-01-06.wav
calm,C:/Users/ajida/Desktop/projects/DIPLOMA/ravdess/audio_speech_actors_01-24/Actor_06/03-01-02-02-01-02-06.wav
calm,C:/Users/ajida/Desktop/projects/DIPLOMA/ravdess/audio_speech_actors_01-24/Actor_06/03-01-02-02-02-01-06.wav
calm,C:/Users/ajida/Desktop/projects/DIPLOMA/ravdess/audio_speech_actors_01-24/Actor_06/03-01-02-02-02-02-06.wav
happy,C:/Users/ajida/Desktop/projects/DIPLOMA/ravdess/audio_speech_actors_01-24/Actor_06/03-01-03-01-01-01-06.wav
happy,C:/Users/ajida/Desktop/projects/DIPLOMA/ravdess/audio_speech_actors_01-24/Actor_06/03-01-03-01-01-02-06.wav
happy,C:/Users/ajida/Desktop/projects/DIPLOMA/ravdess/audio_speech_actors_01-24/Actor_06/03-01-03-01-02-01-06.wav
happy,C:/Users/ajida/Desktop/projects/DIPLOMA/ravdess/audio_speech_actors_01-24/Actor_06/03-01-03-01-02-02-06.wav
happy,C:/Users/ajida/Desktop/projects/DIPLOMA/ravdess/audio_speech_actors_01-24/Actor_06/03-01-03-02-01-01-06.wav
happy,C:/Users/ajida/Desktop/projects/DIPLOMA/ravdess/audio_speech_actors_01-24/Actor_06/03-01-03-02-01-02-06.wav
happy,C:/Users/ajida/Desktop/projects/DIPLOMA/ravdess/audio_speech_actors_01-24/Actor_06/03-01-03-02-02-01-06.wav
happy,C:/Users/ajida/Desktop/projects/DIPLOMA/ravdess/audio_speech_actors_01-24/Actor_06/03-01-03-02-02-02-06.wav
sad,C:/Users/ajida/Desktop/projects/DIPLOMA/ravdess/audio_speech_actors_01-24/Actor_06/03-01-04-01-01-01-06.wav
sad,C:/Users/ajida/Desktop/projects/DIPLOMA/ravdess/audio_speech_actors_01-24/Actor_06/03-01-04-01-01-02-06.wav
sad,C:/Users/ajida/Desktop/projects/DIPLOMA/ravdess/audio_speech_actors_01-24/Actor_06/03-01-04-01-02-01-06.wav
sad,C:/Users/ajida/Desktop/projects/DIPLOMA/ravdess/audio_speech_actors_01-24/Actor_06/03-01-04-01-02-02-06.wav
sad,C:/Users/ajida/Desktop/projects/DIPLOMA/ravdess/audio_speech_actors_01-24/Actor_06/03-01-04-02-01-01-06.wav
sad,C:/Users/ajida/Desktop/projects/DIPLOMA/ravdess/audio_speech_actors_01-24/Actor_06/03-01-04-02-01-02-06.wav
sad,C:/Users/ajida/Desktop/projects/DIPLOMA/ravdess/audio_speech_actors_01-24/Actor_06/03-01-04-02-02-01-06.wav
sad,C:/Users/ajida/Desktop/projects/DIPLOMA/ravdess/audio_speech_actors_01-24/Actor_06/03-01-04-02-02-02-06.wav
angry,C:/Users/ajida/Desktop/projects/DIPLOMA/ravdess/audio_speech_actors_01-24/Actor_06/03-01-05-01-01-01-06.wav
angry,C:/Users/ajida/Desktop/projects/DIPLOMA/ravdess/audio_speech_actors_01-24/Actor_06/03-01-05-01-01-02-06.wav
angry,C:/Users/ajida/Desktop/projects/DIPLOMA/ravdess/audio_speech_actors_01-24/Actor_06/03-01-05-01-02-01-06.wav
angry,C:/Users/ajida/Desktop/projects/DIPLOMA/ravdess/audio_speech_actors_01-24/Actor_06/03-01-05-01-02-02-06.wav
angry,C:/Users/ajida/Desktop/projects/DIPLOMA/ravdess/audio_speech_actors_01-24/Actor_06/03-01-05-02-01-01-06.wav
angry,C:/Users/ajida/Desktop/projects/DIPLOMA/ravdess/audio_speech_actors_01-24/Actor_06/03-01-05-02-01-02-06.wav
angry,C:/Users/ajida/Desktop/projects/DIPLOMA/ravdess/audio_speech_actors_01-24/Actor_06/03-01-05-02-02-01-06.wav
angry,C:/Users/ajida/Desktop/projects/DIPLOMA/ravdess/audio_speech_actors_01-24/Actor_06/03-01-05-02-02-02-06.wav
fear,C:/Users/ajida/Desktop/projects/DIPLOMA/ravdess/audio_speech_actors_01-24/Actor_06/03-01-06-01-01-01-06.wav
fear,C:/Users/ajida/Desktop/projects/DIPLOMA/ravdess/audio_speech_actors_01-24/Actor_06/03-01-06-01-01-02-06.wav
fear,C:/Users/ajida/Desktop/projects/DIPLOMA/ravdess/audio_speech_actors_01-24/Actor_06/03-01-06-01-02-01-06.wav
fear,C:/Users/ajida/Desktop/projects/DIPLOMA/ravdess/audio_speech_actors_01-24/Actor_06/03-01-06-01-02-02-06.wav
fear,C:/Users/ajida/Desktop/projects/DIPLOMA/ravdess/audio_speech_actors_01-24/Actor_06/03-01-06-02-01-01-06.wav
fear,C:/Users/ajida/Desktop/projects/DIPLOMA/ravdess/audio_speech_actors_01-24/Actor_06/03-01-06-02-01-02-06.wav
fear,C:/Users/ajida/Desktop/projects/DIPLOMA/ravdess/audio_speech_actors_01-24/Actor_06/03-01-06-02-02-01-06.wav
fear,C:/Users/ajida/Desktop/projects/DIPLOMA/ravdess/audio_speech_actors_01-24/Actor_06/03-01-06-02-02-02-06.wav
disgust,C:/Users/ajida/Desktop/projects/DIPLOMA/ravdess/audio_speech_actors_01-24/Actor_06/03-01-07-01-01-01-06.wav
disgust,C:/Users/ajida/Desktop/projects/DIPLOMA/ravdess/audio_speech_actors_01-24/Actor_06/03-01-07-01-01-02-06.wav
disgust,C:/Users/ajida/Desktop/projects/DIPLOMA/ravdess/audio_speech_actors_01-24/Actor_06/03-01-07-01-02-01-06.wav
disgust,C:/Users/ajida/Desktop/projects/DIPLOMA/ravdess/audio_speech_actors_01-24/Actor_06/03-01-07-01-02-02-06.wav
disgust,C:/Users/ajida/Desktop/projects/DIPLOMA/ravdess/audio_speech_actors_01-24/Actor_06/03-01-07-02-01-01-06.wav
disgust,C:/Users/ajida/Desktop/projects/DIPLOMA/ravdess/audio_speech_actors_01-24/Actor_06/03-01-07-02-01-02-06.wav
disgust,C:/Users/ajida/Desktop/projects/DIPLOMA/ravdess/audio_speech_actors_01-24/Actor_06/03-01-07-02-02-01-06.wav
disgust,C:/Users/ajida/Desktop/projects/DIPLOMA/ravdess/audio_speech_actors_01-24/Actor_06/03-01-07-02-02-02-06.wav
surprise,C:/Users/ajida/Desktop/projects/DIPLOMA/ravdess/audio_speech_actors_01-24/Actor_06/03-01-08-01-01-01-06.wav
surprise,C:/Users/ajida/Desktop/projects/DIPLOMA/ravdess/audio_speech_actors_01-24/Actor_06/03-01-08-01-01-02-06.wav
surprise,C:/Users/ajida/Desktop/projects/DIPLOMA/ravdess/audio_speech_actors_01-24/Actor_06/03-01-08-01-02-01-06.wav
surprise,C:/Users/ajida/Desktop/projects/DIPLOMA/ravdess/audio_speech_actors_01-24/Actor_06/03-01-08-01-02-02-06.wav
surprise,C:/Users/ajida/Desktop/projects/DIPLOMA/ravdess/audio_speech_actors_01-24/Actor_06/03-01-08-02-01-01-06.wav
surprise,C:/Users/ajida/Desktop/projects/DIPLOMA/ravdess/audio_speech_actors_01-24/Actor_06/03-01-08-02-01-02-06.wav
surprise,C:/Users/ajida/Desktop/projects/DIPLOMA/ravdess/audio_speech_actors_01-24/Actor_06/03-01-08-02-02-01-06.wav
surprise,C:/Users/ajida/Desktop/projects/DIPLOMA/ravdess/audio_speech_actors_01-24/Actor_06/03-01-08-02-02-02-06.wav
neutral,C:/Users/ajida/Desktop/projects/DIPLOMA/ravdess/audio_speech_actors_01-24/Actor_08/03-01-01-01-01-01-08.wav
neutral,C:/Users/ajida/Desktop/projects/DIPLOMA/ravdess/audio_speech_actors_01-24/Actor_08/03-01-01-01-01-02-08.wav
neutral,C:/Users/ajida/Desktop/projects/DIPLOMA/ravdess/audio_speech_actors_01-24/Actor_08/03-01-01-01-02-01-08.wav
neutral,C:/Users/ajida/Desktop/projects/DIPLOMA/ravdess/audio_speech_actors_01-24/Actor_08/03-01-01-01-02-02-08.wav
calm,C:/Users/ajida/Desktop/projects/DIPLOMA/ravdess/audio_speech_actors_01-24/Actor_08/03-01-02-01-01-01-08.wav
calm,C:/Users/ajida/Desktop/projects/DIPLOMA/ravdess/audio_speech_actors_01-24/Actor_08/03-01-02-01-01-02-08.wav
calm,C:/Users/ajida/Desktop/projects/DIPLOMA/ravdess/audio_speech_actors_01-24/Actor_08/03-01-02-01-02-01-08.wav
calm,C:/Users/ajida/Desktop/projects/DIPLOMA/ravdess/audio_speech_actors_01-24/Actor_08/03-01-02-01-02-02-08.wav
calm,C:/Users/ajida/Desktop/projects/DIPLOMA/ravdess/audio_speech_actors_01-24/Actor_08/03-01-02-02-01-01-08.wav
calm,C:/Users/ajida/Desktop/projects/DIPLOMA/ravdess/audio_speech_actors_01-24/Actor_08/03-01-02-02-01-02-08.wav
calm,C:/Users/ajida/Desktop/projects/DIPLOMA/ravdess/audio_speech_actors_01-24/Actor_08/03-01-02-02-02-01-08.wav
calm,C:/Users/ajida/Desktop/projects/DIPLOMA/ravdess/audio_speech_actors_01-24/Actor_08/03-01-02-02-02-02-08.wav
happy,C:/Users/ajida/Desktop/projects/DIPLOMA/ravdess/audio_speech_actors_01-24/Actor_08/03-01-03-01-01-01-08.wav
happy,C:/Users/ajida/Desktop/projects/DIPLOMA/ravdess/audio_speech_actors_01-24/Actor_08/03-01-03-01-01-02-08.wav
happy,C:/Users/ajida/Desktop/projects/DIPLOMA/ravdess/audio_speech_actors_01-24/Actor_08/03-01-03-01-02-01-08.wav
happy,C:/Users/ajida/Desktop/projects/DIPLOMA/ravdess/audio_speech_actors_01-24/Actor_08/03-01-03-01-02-02-08.wav
happy,C:/Users/ajida/Desktop/projects/DIPLOMA/ravdess/audio_speech_actors_01-24/Actor_08/03-01-03-02-01-01-08.wav
happy,C:/Users/ajida/Desktop/projects/DIPLOMA/ravdess/audio_speech_actors_01-24/Actor_08/03-01-03-02-01-02-08.wav
happy,C:/Users/ajida/Desktop/projects/DIPLOMA/ravdess/audio_speech_actors_01-24/Actor_08/03-01-03-02-02-01-08.wav
happy,C:/Users/ajida/Desktop/projects/DIPLOMA/ravdess/audio_speech_actors_01-24/Actor_08/03-01-03-02-02-02-08.wav
sad,C:/Users/ajida/Desktop/projects/DIPLOMA/ravdess/audio_speech_actors_01-24/Actor_08/03-01-04-01-01-01-08.wav
sad,C:/Users/ajida/Desktop/projects/DIPLOMA/ravdess/audio_speech_actors_01-24/Actor_08/03-01-04-01-01-02-08.wav
sad,C:/Users/ajida/Desktop/projects/DIPLOMA/ravdess/audio_speech_actors_01-24/Actor_08/03-01-04-01-02-01-08.wav
sad,C:/Users/ajida/Desktop/projects/DIPLOMA/ravdess/audio_speech_actors_01-24/Actor_08/03-01-04-01-02-02-08.wav
sad,C:/Users/ajida/Desktop/projects/DIPLOMA/ravdess/audio_speech_actors_01-24/Actor_08/03-01-04-02-01-01-08.wav
sad,C:/Users/ajida/Desktop/projects/DIPLOMA/ravdess/audio_speech_actors_01-24/Actor_08/03-01-04-02-01-02-08.wav
sad,C:/Users/ajida/Desktop/projects/DIPLOMA/ravdess/audio_speech_actors_01-24/Actor_08/03-01-04-02-02-01-08.wav
sad,C:/Users/ajida/Desktop/projects/DIPLOMA/ravdess/audio_speech_actors_01-24/Actor_08/03-01-04-02-02-02-08.wav
angry,C:/Users/ajida/Desktop/projects/DIPLOMA/ravdess/audio_speech_actors_01-24/Actor_08/03-01-05-01-01-01-08.wav
angry,C:/Users/ajida/Desktop/projects/DIPLOMA/ravdess/audio_speech_actors_01-24/Actor_08/03-01-05-01-01-02-08.wav
angry,C:/Users/ajida/Desktop/projects/DIPLOMA/ravdess/audio_speech_actors_01-24/Actor_08/03-01-05-01-02-01-08.wav
angry,C:/Users/ajida/Desktop/projects/DIPLOMA/ravdess/audio_speech_actors_01-24/Actor_08/03-01-05-01-02-02-08.wav
angry,C:/Users/ajida/Desktop/projects/DIPLOMA/ravdess/audio_speech_actors_01-24/Actor_08/03-01-05-02-01-01-08.wav
angry,C:/Users/ajida/Desktop/projects/DIPLOMA/ravdess/audio_speech_actors_01-24/Actor_08/03-01-05-02-01-02-08.wav
angry,C:/Users/ajida/Desktop/projects/DIPLOMA/ravdess/audio_speech_actors_01-24/Actor_08/03-01-05-02-02-01-08.wav
angry,C:/Users/ajida/Desktop/projects/DIPLOMA/ravdess/audio_speech_actors_01-24/Actor_08/03-01-05-02-02-02-08.wav
fear,C:/Users/ajida/Desktop/projects/DIPLOMA/ravdess/audio_speech_actors_01-24/Actor_08/03-01-06-01-01-01-08.wav
fear,C:/Users/ajida/Desktop/projects/DIPLOMA/ravdess/audio_speech_actors_01-24/Actor_08/03-01-06-01-01-02-08.wav
fear,C:/Users/ajida/Desktop/projects/DIPLOMA/ravdess/audio_speech_actors_01-24/Actor_08/03-01-06-01-02-01-08.wav
fear,C:/Users/ajida/Desktop/projects/DIPLOMA/ravdess/audio_speech_actors_01-24/Actor_08/03-01-06-01-02-02-08.wav
fear,C:/Users/ajida/Desktop/projects/DIPLOMA/ravdess/audio_speech_actors_01-24/Actor_08/03-01-06-02-01-01-08.wav
fear,C:/Users/ajida/Desktop/projects/DIPLOMA/ravdess/audio_speech_actors_01-24/Actor_08/03-01-06-02-01-02-08.wav
fear,C:/Users/ajida/Desktop/projects/DIPLOMA/ravdess/audio_speech_actors_01-24/Actor_08/03-01-06-02-02-01-08.wav
fear,C:/Users/ajida/Desktop/projects/DIPLOMA/ravdess/audio_speech_actors_01-24/Actor_08/03-01-06-02-02-02-08.wav
disgust,C:/Users/ajida/Desktop/projects/DIPLOMA/ravdess/audio_speech_actors_01-24/Actor_08/03-01-07-01-01-01-08.wav
disgust,C:/Users/ajida/Desktop/projects/DIPLOMA/ravdess/audio_speech_actors_01-24/Actor_08/03-01-07-01-01-02-08.wav
disgust,C:/Users/ajida/Desktop/projects/DIPLOMA/ravdess/audio_speech_actors_01-24/Actor_08/03-01-07-01-02-01-08.wav
disgust,C:/Users/ajida/Desktop/projects/DIPLOMA/ravdess/audio_speech_actors_01-24/Actor_08/03-01-07-01-02-02-08.wav
disgust,C:/Users/ajida/Desktop/projects/DIPLOMA/ravdess/audio_speech_actors_01-24/Actor_08/03-01-07-02-01-01-08.wav
disgust,C:/Users/ajida/Desktop/projects/DIPLOMA/ravdess/audio_speech_actors_01-24/Actor_08/03-01-07-02-01-02-08.wav
disgust,C:/Users/ajida/Desktop/projects/DIPLOMA/ravdess/audio_speech_actors_01-24/Actor_08/03-01-07-02-02-01-08.wav
disgust,C:/Users/ajida/Desktop/projects/DIPLOMA/ravdess/audio_speech_actors_01-24/Actor_08/03-01-07-02-02-02-08.wav
surprise,C:/Users/ajida/Desktop/projects/DIPLOMA/ravdess/audio_speech_actors_01-24/Actor_08/03-01-08-01-01-01-08.wav
surprise,C:/Users/ajida/Desktop/projects/DIPLOMA/ravdess/audio_speech_actors_01-24/Actor_08/03-01-08-01-01-02-08.wav
surprise,C:/Users/ajida/Desktop/projects/DIPLOMA/ravdess/audio_speech_actors_01-24/Actor_08/03-01-08-01-02-01-08.wav
surprise,C:/Users/ajida/Desktop/projects/DIPLOMA/ravdess/audio_speech_actors_01-24/Actor_08/03-01-08-01-02-02-08.wav
surprise,C:/Users/ajida/Desktop/projects/DIPLOMA/ravdess/audio_speech_actors_01-24/Actor_08/03-01-08-02-01-01-08.wav
surprise,C:/Users/ajida/Desktop/projects/DIPLOMA/ravdess/audio_speech_actors_01-24/Actor_08/03-01-08-02-01-02-08.wav
surprise,C:/Users/ajida/Desktop/projects/DIPLOMA/ravdess/audio_speech_actors_01-24/Actor_08/03-01-08-02-02-01-08.wav
surprise,C:/Users/ajida/Desktop/projects/DIPLOMA/ravdess/audio_speech_actors_01-24/Actor_08/03-01-08-02-02-02-08.wav
neutral,C:/Users/ajida/Desktop/projects/DIPLOMA/ravdess/audio_speech_actors_01-24/Actor_10/03-01-01-01-01-01-10.wav
neutral,C:/Users/ajida/Desktop/projects/DIPLOMA/ravdess/audio_speech_actors_01-24/Actor_10/03-01-01-01-01-02-10.wav
neutral,C:/Users/ajida/Desktop/projects/DIPLOMA/ravdess/audio_speech_actors_01-24/Actor_10/03-01-01-01-02-01-10.wav
neutral,C:/Users/ajida/Desktop/projects/DIPLOMA/ravdess/audio_speech_actors_01-24/Actor_10/03-01-01-01-02-02-10.wav
calm,C:/Users/ajida/Desktop/projects/DIPLOMA/ravdess/audio_speech_actors_01-24/Actor_10/03-01-02-01-01-01-10.wav
calm,C:/Users/ajida/Desktop/projects/DIPLOMA/ravdess/audio_speech_actors_01-24/Actor_10/03-01-02-01-01-02-10.wav
calm,C:/Users/ajida/Desktop/projects/DIPLOMA/ravdess/audio_speech_actors_01-24/Actor_10/03-01-02-01-02-01-10.wav
calm,C:/Users/ajida/Desktop/projects/DIPLOMA/ravdess/audio_speech_actors_01-24/Actor_10/03-01-02-01-02-02-10.wav
calm,C:/Users/ajida/Desktop/projects/DIPLOMA/ravdess/audio_speech_actors_01-24/Actor_10/03-01-02-02-01-01-10.wav
calm,C:/Users/ajida/Desktop/projects/DIPLOMA/ravdess/audio_speech_actors_01-24/Actor_10/03-01-02-02-01-02-10.wav
calm,C:/Users/ajida/Desktop/projects/DIPLOMA/ravdess/audio_speech_actors_01-24/Actor_10/03-01-02-02-02-01-10.wav
calm,C:/Users/ajida/Desktop/projects/DIPLOMA/ravdess/audio_speech_actors_01-24/Actor_10/03-01-02-02-02-02-10.wav
happy,C:/Users/ajida/Desktop/projects/DIPLOMA/ravdess/audio_speech_actors_01-24/Actor_10/03-01-03-01-01-01-10.wav
happy,C:/Users/ajida/Desktop/projects/DIPLOMA/ravdess/audio_speech_actors_01-24/Actor_10/03-01-03-01-01-02-10.wav
happy,C:/Users/ajida/Desktop/projects/DIPLOMA/ravdess/audio_speech_actors_01-24/Actor_10/03-01-03-01-02-01-10.wav
happy,C:/Users/ajida/Desktop/projects/DIPLOMA/ravdess/audio_speech_actors_01-24/Actor_10/03-01-03-01-02-02-10.wav
happy,C:/Users/ajida/Desktop/projects/DIPLOMA/ravdess/audio_speech_actors_01-24/Actor_10/03-01-03-02-01-01-10.wav
happy,C:/Users/ajida/Desktop/projects/DIPLOMA/ravdess/audio_speech_actors_01-24/Actor_10/03-01-03-02-01-02-10.wav
happy,C:/Users/ajida/Desktop/projects/DIPLOMA/ravdess/audio_speech_actors_01-24/Actor_10/03-01-03-02-02-01-10.wav
happy,C:/Users/ajida/Desktop/projects/DIPLOMA/ravdess/audio_speech_actors_01-24/Actor_10/03-01-03-02-02-02-10.wav
sad,C:/Users/ajida/Desktop/projects/DIPLOMA/ravdess/audio_speech_actors_01-24/Actor_10/03-01-04-01-01-01-10.wav
sad,C:/Users/ajida/Desktop/projects/DIPLOMA/ravdess/audio_speech_actors_01-24/Actor_10/03-01-04-01-01-02-10.wav
sad,C:/Users/ajida/Desktop/projects/DIPLOMA/ravdess/audio_speech_actors_01-24/Actor_10/03-01-04-01-02-01-10.wav
sad,C:/Users/ajida/Desktop/projects/DIPLOMA/ravdess/audio_speech_actors_01-24/Actor_10/03-01-04-01-02-02-10.wav
sad,C:/Users/ajida/Desktop/projects/DIPLOMA/ravdess/audio_speech_actors_01-24/Actor_10/03-01-04-02-01-01-10.wav
sad,C:/Users/ajida/Desktop/projects/DIPLOMA/ravdess/audio_speech_actors_01-24/Actor_10/03-01-04-02-01-02-10.wav
sad,C:/Users/ajida/Desktop/projects/DIPLOMA/ravdess/audio_speech_actors_01-24/Actor_10/03-01-04-02-02-01-10.wav
sad,C:/Users/ajida/Desktop/projects/DIPLOMA/ravdess/audio_speech_actors_01-24/Actor_10/03-01-04-02-02-02-10.wav
angry,C:/Users/ajida/Desktop/projects/DIPLOMA/ravdess/audio_speech_actors_01-24/Actor_10/03-01-05-01-01-01-10.wav
angry,C:/Users/ajida/Desktop/projects/DIPLOMA/ravdess/audio_speech_actors_01-24/Actor_10/03-01-05-01-01-02-10.wav
angry,C:/Users/ajida/Desktop/projects/DIPLOMA/ravdess/audio_speech_actors_01-24/Actor_10/03-01-05-01-02-01-10.wav
angry,C:/Users/ajida/Desktop/projects/DIPLOMA/ravdess/audio_speech_actors_01-24/Actor_10/03-01-05-01-02-02-10.wav
angry,C:/Users/ajida/Desktop/projects/DIPLOMA/ravdess/audio_speech_actors_01-24/Actor_10/03-01-05-02-01-01-10.wav
angry,C:/Users/ajida/Desktop/projects/DIPLOMA/ravdess/audio_speech_actors_01-24/Actor_10/03-01-05-02-01-02-10.wav
angry,C:/Users/ajida/Desktop/projects/DIPLOMA/ravdess/audio_speech_actors_01-24/Actor_10/03-01-05-02-02-01-10.wav
angry,C:/Users/ajida/Desktop/projects/DIPLOMA/ravdess/audio_speech_actors_01-24/Actor_10/03-01-05-02-02-02-10.wav
fear,C:/Users/ajida/Desktop/projects/DIPLOMA/ravdess/audio_speech_actors_01-24/Actor_10/03-01-06-01-01-01-10.wav
fear,C:/Users/ajida/Desktop/projects/DIPLOMA/ravdess/audio_speech_actors_01-24/Actor_10/03-01-06-01-01-02-10.wav
fear,C:/Users/ajida/Desktop/projects/DIPLOMA/ravdess/audio_speech_actors_01-24/Actor_10/03-01-06-01-02-01-10.wav
fear,C:/Users/ajida/Desktop/projects/DIPLOMA/ravdess/audio_speech_actors_01-24/Actor_10/03-01-06-01-02-02-10.wav
fear,C:/Users/ajida/Desktop/projects/DIPLOMA/ravdess/audio_speech_actors_01-24/Actor_10/03-01-06-02-01-01-10.wav
fear,C:/Users/ajida/Desktop/projects/DIPLOMA/ravdess/audio_speech_actors_01-24/Actor_10/03-01-06-02-01-02-10.wav
fear,C:/Users/ajida/Desktop/projects/DIPLOMA/ravdess/audio_speech_actors_01-24/Actor_10/03-01-06-02-02-01-10.wav
fear,C:/Users/ajida/Desktop/projects/DIPLOMA/ravdess/audio_speech_actors_01-24/Actor_10/03-01-06-02-02-02-10.wav
disgust,C:/Users/ajida/Desktop/projects/DIPLOMA/ravdess/audio_speech_actors_01-24/Actor_10/03-01-07-01-01-01-10.wav
disgust,C:/Users/ajida/Desktop/projects/DIPLOMA/ravdess/audio_speech_actors_01-24/Actor_10/03-01-07-01-01-02-10.wav
disgust,C:/Users/ajida/Desktop/projects/DIPLOMA/ravdess/audio_speech_actors_01-24/Actor_10/03-01-07-01-02-01-10.wav
disgust,C:/Users/ajida/Desktop/projects/DIPLOMA/ravdess/audio_speech_actors_01-24/Actor_10/03-01-07-01-02-02-10.wav
disgust,C:/Users/ajida/Desktop/projects/DIPLOMA/ravdess/audio_speech_actors_01-24/Actor_10/03-01-07-02-01-01-10.wav
disgust,C:/Users/ajida/Desktop/projects/DIPLOMA/ravdess/audio_speech_actors_01-24/Actor_10/03-01-07-02-01-02-10.wav
disgust,C:/Users/ajida/Desktop/projects/DIPLOMA/ravdess/audio_speech_actors_01-24/Actor_10/03-01-07-02-02-01-10.wav
disgust,C:/Users/ajida/Desktop/projects/DIPLOMA/ravdess/audio_speech_actors_01-24/Actor_10/03-01-07-02-02-02-10.wav
surprise,C:/Users/ajida/Desktop/projects/DIPLOMA/ravdess/audio_speech_actors_01-24/Actor_10/03-01-08-01-01-01-10.wav
surprise,C:/Users/ajida/Desktop/projects/DIPLOMA/ravdess/audio_speech_actors_01-24/Actor_10/03-01-08-01-01-02-10.wav
surprise,C:/Users/ajida/Desktop/projects/DIPLOMA/ravdess/audio_speech_actors_01-24/Actor_10/03-01-08-01-02-01-10.wav
surprise,C:/Users/ajida/Desktop/projects/DIPLOMA/ravdess/audio_speech_actors_01-24/Actor_10/03-01-08-01-02-02-10.wav
surprise,C:/Users/ajida/Desktop/projects/DIPLOMA/ravdess/audio_speech_actors_01-24/Actor_10/03-01-08-02-01-01-10.wav
surprise,C:/Users/ajida/Desktop/projects/DIPLOMA/ravdess/audio_speech_actors_01-24/Actor_10/03-01-08-02-01-02-10.wav
surprise,C:/Users/ajida/Desktop/projects/DIPLOMA/ravdess/audio_speech_actors_01-24/Actor_10/03-01-08-02-02-01-10.wav
surprise,C:/Users/ajida/Desktop/projects/DIPLOMA/ravdess/audio_speech_actors_01-24/Actor_10/03-01-08-02-02-02-10.wav
neutral,C:/Users/ajida/Desktop/projects/DIPLOMA/ravdess/audio_speech_actors_01-24/Actor_12/03-01-01-01-01-01-12.wav
neutral,C:/Users/ajida/Desktop/projects/DIPLOMA/ravdess/audio_speech_actors_01-24/Actor_12/03-01-01-01-01-02-12.wav
neutral,C:/Users/ajida/Desktop/projects/DIPLOMA/ravdess/audio_speech_actors_01-24/Actor_12/03-01-01-01-02-01-12.wav
neutral,C:/Users/ajida/Desktop/projects/DIPLOMA/ravdess/audio_speech_actors_01-24/Actor_12/03-01-01-01-02-02-12.wav
calm,C:/Users/ajida/Desktop/projects/DIPLOMA/ravdess/audio_speech_actors_01-24/Actor_12/03-01-02-01-01-01-12.wav
calm,C:/Users/ajida/Desktop/projects/DIPLOMA/ravdess/audio_speech_actors_01-24/Actor_12/03-01-02-01-01-02-12.wav
calm,C:/Users/ajida/Desktop/projects/DIPLOMA/ravdess/audio_speech_actors_01-24/Actor_12/03-01-02-01-02-01-12.wav
calm,C:/Users/ajida/Desktop/projects/DIPLOMA/ravdess/audio_speech_actors_01-24/Actor_12/03-01-02-01-02-02-12.wav
calm,C:/Users/ajida/Desktop/projects/DIPLOMA/ravdess/audio_speech_actors_01-24/Actor_12/03-01-02-02-01-01-12.wav
calm,C:/Users/ajida/Desktop/projects/DIPLOMA/ravdess/audio_speech_actors_01-24/Actor_12/03-01-02-02-01-02-12.wav
calm,C:/Users/ajida/Desktop/projects/DIPLOMA/ravdess/audio_speech_actors_01-24/Actor_12/03-01-02-02-02-01-12.wav
calm,C:/Users/ajida/Desktop/projects/DIPLOMA/ravdess/audio_speech_actors_01-24/Actor_12/03-01-02-02-02-02-12.wav
happy,C:/Users/ajida/Desktop/projects/DIPLOMA/ravdess/audio_speech_actors_01-24/Actor_12/03-01-03-01-01-01-12.wav
happy,C:/Users/ajida/Desktop/projects/DIPLOMA/ravdess/audio_speech_actors_01-24/Actor_12/03-01-03-01-01-02-12.wav
happy,C:/Users/ajida/Desktop/projects/DIPLOMA/ravdess/audio_speech_actors_01-24/Actor_12/03-01-03-01-02-01-12.wav
happy,C:/Users/ajida/Desktop/projects/DIPLOMA/ravdess/audio_speech_actors_01-24/Actor_12/03-01-03-01-02-02-12.wav
happy,C:/Users/ajida/Desktop/projects/DIPLOMA/ravdess/audio_speech_actors_01-24/Actor_12/03-01-03-02-01-01-12.wav
happy,C:/Users/ajida/Desktop/projects/DIPLOMA/ravdess/audio_speech_actors_01-24/Actor_12/03-01-03-02-01-02-12.wav
happy,C:/Users/ajida/Desktop/projects/DIPLOMA/ravdess/audio_speech_actors_01-24/Actor_12/03-01-03-02-02-01-12.wav
happy,C:/Users/ajida/Desktop/projects/DIPLOMA/ravdess/audio_speech_actors_01-24/Actor_12/03-01-03-02-02-02-12.wav
sad,C:/Users/ajida/Desktop/projects/DIPLOMA/ravdess/audio_speech_actors_01-24/Actor_12/03-01-04-01-01-01-12.wav
sad,C:/Users/ajida/Desktop/projects/DIPLOMA/ravdess/audio_speech_actors_01-24/Actor_12/03-01-04-01-01-02-12.wav
sad,C:/Users/ajida/Desktop/projects/DIPLOMA/ravdess/audio_speech_actors_01-24/Actor_12/03-01-04-01-02-01-12.wav
sad,C:/Users/ajida/Desktop/projects/DIPLOMA/ravdess/audio_speech_actors_01-24/Actor_12/03-01-04-01-02-02-12.wav
sad,C:/Users/ajida/Desktop/projects/DIPLOMA/ravdess/audio_speech_actors_01-24/Actor_12/03-01-04-02-01-01-12.wav
sad,C:/Users/ajida/Desktop/projects/DIPLOMA/ravdess/audio_speech_actors_01-24/Actor_12/03-01-04-02-01-02-12.wav
sad,C:/Users/ajida/Desktop/projects/DIPLOMA/ravdess/audio_speech_actors_01-24/Actor_12/03-01-04-02-02-01-12.wav
sad,C:/Users/ajida/Desktop/projects/DIPLOMA/ravdess/audio_speech_actors_01-24/Actor_12/03-01-04-02-02-02-12.wav
angry,C:/Users/ajida/Desktop/projects/DIPLOMA/ravdess/audio_speech_actors_01-24/Actor_12/03-01-05-01-01-01-12.wav
angry,C:/Users/ajida/Desktop/projects/DIPLOMA/ravdess/audio_speech_actors_01-24/Actor_12/03-01-05-01-01-02-12.wav
angry,C:/Users/ajida/Desktop/projects/DIPLOMA/ravdess/audio_speech_actors_01-24/Actor_12/03-01-05-01-02-01-12.wav
angry,C:/Users/ajida/Desktop/projects/DIPLOMA/ravdess/audio_speech_actors_01-24/Actor_12/03-01-05-01-02-02-12.wav
angry,C:/Users/ajida/Desktop/projects/DIPLOMA/ravdess/audio_speech_actors_01-24/Actor_12/03-01-05-02-01-01-12.wav
angry,C:/Users/ajida/Desktop/projects/DIPLOMA/ravdess/audio_speech_actors_01-24/Actor_12/03-01-05-02-01-02-12.wav
angry,C:/Users/ajida/Desktop/projects/DIPLOMA/ravdess/audio_speech_actors_01-24/Actor_12/03-01-05-02-02-01-12.wav
angry,C:/Users/ajida/Desktop/projects/DIPLOMA/ravdess/audio_speech_actors_01-24/Actor_12/03-01-05-02-02-02-12.wav
fear,C:/Users/ajida/Desktop/projects/DIPLOMA/ravdess/audio_speech_actors_01-24/Actor_12/03-01-06-01-01-01-12.wav
fear,C:/Users/ajida/Desktop/projects/DIPLOMA/ravdess/audio_speech_actors_01-24/Actor_12/03-01-06-01-01-02-12.wav
fear,C:/Users/ajida/Desktop/projects/DIPLOMA/ravdess/audio_speech_actors_01-24/Actor_12/03-01-06-01-02-01-12.wav
fear,C:/Users/ajida/Desktop/projects/DIPLOMA/ravdess/audio_speech_actors_01-24/Actor_12/03-01-06-01-02-02-12.wav
fear,C:/Users/ajida/Desktop/projects/DIPLOMA/ravdess/audio_speech_actors_01-24/Actor_12/03-01-06-02-01-01-12.wav
fear,C:/Users/ajida/Desktop/projects/DIPLOMA/ravdess/audio_speech_actors_01-24/Actor_12/03-01-06-02-01-02-12.wav
fear,C:/Users/ajida/Desktop/projects/DIPLOMA/ravdess/audio_speech_actors_01-24/Actor_12/03-01-06-02-02-01-12.wav
fear,C:/Users/ajida/Desktop/projects/DIPLOMA/ravdess/audio_speech_actors_01-24/Actor_12/03-01-06-02-02-02-12.wav
disgust,C:/Users/ajida/Desktop/projects/DIPLOMA/ravdess/audio_speech_actors_01-24/Actor_12/03-01-07-01-01-01-12.wav
disgust,C:/Users/ajida/Desktop/projects/DIPLOMA/ravdess/audio_speech_actors_01-24/Actor_12/03-01-07-01-01-02-12.wav
disgust,C:/Users/ajida/Desktop/projects/DIPLOMA/ravdess/audio_speech_actors_01-24/Actor_12/03-01-07-01-02-01-12.wav
disgust,C:/Users/ajida/Desktop/projects/DIPLOMA/ravdess/audio_speech_actors_01-24/Actor_12/03-01-07-01-02-02-12.wav
disgust,C:/Users/ajida/Desktop/projects/DIPLOMA/ravdess/audio_speech_actors_01-24/Actor_12/03-01-07-02-01-01-12.wav
disgust,C:/Users/ajida/Desktop/projects/DIPLOMA/ravdess/audio_speech_actors_01-24/Actor_12/03-01-07-02-01-02-12.wav
disgust,C:/Users/ajida/Desktop/projects/DIPLOMA/ravdess/audio_speech_actors_01-24/Actor_12/03-01-07-02-02-01-12.wav
disgust,C:/Users/ajida/Desktop/projects/DIPLOMA/ravdess/audio_speech_actors_01-24/Actor_12/03-01-07-02-02-02-12.wav
surprise,C:/Users/ajida/Desktop/projects/DIPLOMA/ravdess/audio_speech_actors_01-24/Actor_12/03-01-08-01-01-01-12.wav
surprise,C:/Users/ajida/Desktop/projects/DIPLOMA/ravdess/audio_speech_actors_01-24/Actor_12/03-01-08-01-01-02-12.wav
surprise,C:/Users/ajida/Desktop/projects/DIPLOMA/ravdess/audio_speech_actors_01-24/Actor_12/03-01-08-01-02-01-12.wav
surprise,C:/Users/ajida/Desktop/projects/DIPLOMA/ravdess/audio_speech_actors_01-24/Actor_12/03-01-08-01-02-02-12.wav
surprise,C:/Users/ajida/Desktop/projects/DIPLOMA/ravdess/audio_speech_actors_01-24/Actor_12/03-01-08-02-01-01-12.wav
surprise,C:/Users/ajida/Desktop/projects/DIPLOMA/ravdess/audio_speech_actors_01-24/Actor_12/03-01-08-02-01-02-12.wav
surprise,C:/Users/ajida/Desktop/projects/DIPLOMA/ravdess/audio_speech_actors_01-24/Actor_12/03-01-08-02-02-01-12.wav
surprise,C:/Users/ajida/Desktop/projects/DIPLOMA/ravdess/audio_speech_actors_01-24/Actor_12/03-01-08-02-02-02-12.wav
neutral,C:/Users/ajida/Desktop/projects/DIPLOMA/ravdess/audio_speech_actors_01-24/Actor_14/03-01-01-01-01-01-14.wav
neutral,C:/Users/ajida/Desktop/projects/DIPLOMA/ravdess/audio_speech_actors_01-24/Actor_14/03-01-01-01-01-02-14.wav
neutral,C:/Users/ajida/Desktop/projects/DIPLOMA/ravdess/audio_speech_actors_01-24/Actor_14/03-01-01-01-02-01-14.wav
neutral,C:/Users/ajida/Desktop/projects/DIPLOMA/ravdess/audio_speech_actors_01-24/Actor_14/03-01-01-01-02-02-14.wav
calm,C:/Users/ajida/Desktop/projects/DIPLOMA/ravdess/audio_speech_actors_01-24/Actor_14/03-01-02-01-01-01-14.wav
calm,C:/Users/ajida/Desktop/projects/DIPLOMA/ravdess/audio_speech_actors_01-24/Actor_14/03-01-02-01-01-02-14.wav
calm,C:/Users/ajida/Desktop/projects/DIPLOMA/ravdess/audio_speech_actors_01-24/Actor_14/03-01-02-01-02-01-14.wav
calm,C:/Users/ajida/Desktop/projects/DIPLOMA/ravdess/audio_speech_actors_01-24/Actor_14/03-01-02-01-02-02-14.wav
calm,C:/Users/ajida/Desktop/projects/DIPLOMA/ravdess/audio_speech_actors_01-24/Actor_14/03-01-02-02-01-01-14.wav
calm,C:/Users/ajida/Desktop/projects/DIPLOMA/ravdess/audio_speech_actors_01-24/Actor_14/03-01-02-02-01-02-14.wav
calm,C:/Users/ajida/Desktop/projects/DIPLOMA/ravdess/audio_speech_actors_01-24/Actor_14/03-01-02-02-02-01-14.wav
calm,C:/Users/ajida/Desktop/projects/DIPLOMA/ravdess/audio_speech_actors_01-24/Actor_14/03-01-02-02-02-02-14.wav
happy,C:/Users/ajida/Desktop/projects/DIPLOMA/ravdess/audio_speech_actors_01-24/Actor_14/03-01-03-01-01-01-14.wav
happy,C:/Users/ajida/Desktop/projects/DIPLOMA/ravdess/audio_speech_actors_01-24/Actor_14/03-01-03-01-01-02-14.wav
happy,C:/Users/ajida/Desktop/projects/DIPLOMA/ravdess/audio_speech_actors_01-24/Actor_14/03-01-03-01-02-01-14.wav
happy,C:/Users/ajida/Desktop/projects/DIPLOMA/ravdess/audio_speech_actors_01-24/Actor_14/03-01-03-01-02-02-14.wav
happy,C:/Users/ajida/Desktop/projects/DIPLOMA/ravdess/audio_speech_actors_01-24/Actor_14/03-01-03-02-01-01-14.wav
happy,C:/Users/ajida/Desktop/projects/DIPLOMA/ravdess/audio_speech_actors_01-24/Actor_14/03-01-03-02-01-02-14.wav
happy,C:/Users/ajida/Desktop/projects/DIPLOMA/ravdess/audio_speech_actors_01-24/Actor_14/03-01-03-02-02-01-14.wav
happy,C:/Users/ajida/Desktop/projects/DIPLOMA/ravdess/audio_speech_actors_01-24/Actor_14/03-01-03-02-02-02-14.wav
sad,C:/Users/ajida/Desktop/projects/DIPLOMA/ravdess/audio_speech_actors_01-24/Actor_14/03-01-04-01-01-01-14.wav
sad,C:/Users/ajida/Desktop/projects/DIPLOMA/ravdess/audio_speech_actors_01-24/Actor_14/03-01-04-01-01-02-14.wav
sad,C:/Users/ajida/Desktop/projects/DIPLOMA/ravdess/audio_speech_actors_01-24/Actor_14/03-01-04-01-02-01-14.wav
sad,C:/Users/ajida/Desktop/projects/DIPLOMA/ravdess/audio_speech_actors_01-24/Actor_14/03-01-04-01-02-02-14.wav
sad,C:/Users/ajida/Desktop/projects/DIPLOMA/ravdess/audio_speech_actors_01-24/Actor_14/03-01-04-02-01-01-14.wav
sad,C:/Users/ajida/Desktop/projects/DIPLOMA/ravdess/audio_speech_actors_01-24/Actor_14/03-01-04-02-01-02-14.wav
sad,C:/Users/ajida/Desktop/projects/DIPLOMA/ravdess/audio_speech_actors_01-24/Actor_14/03-01-04-02-02-01-14.wav
sad,C:/Users/ajida/Desktop/projects/DIPLOMA/ravdess/audio_speech_actors_01-24/Actor_14/03-01-04-02-02-02-14.wav
angry,C:/Users/ajida/Desktop/projects/DIPLOMA/ravdess/audio_speech_actors_01-24/Actor_14/03-01-05-01-01-01-14.wav
angry,C:/Users/ajida/Desktop/projects/DIPLOMA/ravdess/audio_speech_actors_01-24/Actor_14/03-01-05-01-01-02-14.wav
angry,C:/Users/ajida/Desktop/projects/DIPLOMA/ravdess/audio_speech_actors_01-24/Actor_14/03-01-05-01-02-01-14.wav
angry,C:/Users/ajida/Desktop/projects/DIPLOMA/ravdess/audio_speech_actors_01-24/Actor_14/03-01-05-01-02-02-14.wav
angry,C:/Users/ajida/Desktop/projects/DIPLOMA/ravdess/audio_speech_actors_01-24/Actor_14/03-01-05-02-01-01-14.wav
angry,C:/Users/ajida/Desktop/projects/DIPLOMA/ravdess/audio_speech_actors_01-24/Actor_14/03-01-05-02-01-02-14.wav
angry,C:/Users/ajida/Desktop/projects/DIPLOMA/ravdess/audio_speech_actors_01-24/Actor_14/03-01-05-02-02-01-14.wav
angry,C:/Users/ajida/Desktop/projects/DIPLOMA/ravdess/audio_speech_actors_01-24/Actor_14/03-01-05-02-02-02-14.wav
fear,C:/Users/ajida/Desktop/projects/DIPLOMA/ravdess/audio_speech_actors_01-24/Actor_14/03-01-06-01-01-01-14.wav
fear,C:/Users/ajida/Desktop/projects/DIPLOMA/ravdess/audio_speech_actors_01-24/Actor_14/03-01-06-01-01-02-14.wav
fear,C:/Users/ajida/Desktop/projects/DIPLOMA/ravdess/audio_speech_actors_01-24/Actor_14/03-01-06-01-02-01-14.wav
fear,C:/Users/ajida/Desktop/projects/DIPLOMA/ravdess/audio_speech_actors_01-24/Actor_14/03-01-06-01-02-02-14.wav
fear,C:/Users/ajida/Desktop/projects/DIPLOMA/ravdess/audio_speech_actors_01-24/Actor_14/03-01-06-02-01-01-14.wav
fear,C:/Users/ajida/Desktop/projects/DIPLOMA/ravdess/audio_speech_actors_01-24/Actor_14/03-01-06-02-01-02-14.wav
fear,C:/Users/ajida/Desktop/projects/DIPLOMA/ravdess/audio_speech_actors_01-24/Actor_14/03-01-06-02-02-01-14.wav
fear,C:/Users/ajida/Desktop/projects/DIPLOMA/ravdess/audio_speech_actors_01-24/Actor_14/03-01-06-02-02-02-14.wav
disgust,C:/Users/ajida/Desktop/projects/DIPLOMA/ravdess/audio_speech_actors_01-24/Actor_14/03-01-07-01-01-01-14.wav
disgust,C:/Users/ajida/Desktop/projects/DIPLOMA/ravdess/audio_speech_actors_01-24/Actor_14/03-01-07-01-01-02-14.wav
disgust,C:/Users/ajida/Desktop/projects/DIPLOMA/ravdess/audio_speech_actors_01-24/Actor_14/03-01-07-01-02-01-14.wav
disgust,C:/Users/ajida/Desktop/projects/DIPLOMA/ravdess/audio_speech_actors_01-24/Actor_14/03-01-07-01-02-02-14.wav
disgust,C:/Users/ajida/Desktop/projects/DIPLOMA/ravdess/audio_speech_actors_01-24/Actor_14/03-01-07-02-01-01-14.wav
disgust,C:/Users/ajida/Desktop/projects/DIPLOMA/ravdess/audio_speech_actors_01-24/Actor_14/03-01-07-02-01-02-14.wav
disgust,C:/Users/ajida/Desktop/projects/DIPLOMA/ravdess/audio_speech_actors_01-24/Actor_14/03-01-07-02-02-01-14.wav
disgust,C:/Users/ajida/Desktop/projects/DIPLOMA/ravdess/audio_speech_actors_01-24/Actor_14/03-01-07-02-02-02-14.wav
surprise,C:/Users/ajida/Desktop/projects/DIPLOMA/ravdess/audio_speech_actors_01-24/Actor_14/03-01-08-01-01-01-14.wav
surprise,C:/Users/ajida/Desktop/projects/DIPLOMA/ravdess/audio_speech_actors_01-24/Actor_14/03-01-08-01-01-02-14.wav
surprise,C:/Users/ajida/Desktop/projects/DIPLOMA/ravdess/audio_speech_actors_01-24/Actor_14/03-01-08-01-02-01-14.wav
surprise,C:/Users/ajida/Desktop/projects/DIPLOMA/ravdess/audio_speech_actors_01-24/Actor_14/03-01-08-01-02-02-14.wav
surprise,C:/Users/ajida/Desktop/projects/DIPLOMA/ravdess/audio_speech_actors_01-24/Actor_14/03-01-08-02-01-01-14.wav
surprise,C:/Users/ajida/Desktop/projects/DIPLOMA/ravdess/audio_speech_actors_01-24/Actor_14/03-01-08-02-01-02-14.wav
surprise,C:/Users/ajida/Desktop/projects/DIPLOMA/ravdess/audio_speech_actors_01-24/Actor_14/03-01-08-02-02-01-14.wav
surprise,C:/Users/ajida/Desktop/projects/DIPLOMA/ravdess/audio_speech_actors_01-24/Actor_14/03-01-08-02-02-02-14.wav
neutral,C:/Users/ajida/Desktop/projects/DIPLOMA/ravdess/audio_speech_actors_01-24/Actor_16/03-01-01-01-01-01-16.wav
neutral,C:/Users/ajida/Desktop/projects/DIPLOMA/ravdess/audio_speech_actors_01-24/Actor_16/03-01-01-01-01-02-16.wav
neutral,C:/Users/ajida/Desktop/projects/DIPLOMA/ravdess/audio_speech_actors_01-24/Actor_16/03-01-01-01-02-01-16.wav
neutral,C:/Users/ajida/Desktop/projects/DIPLOMA/ravdess/audio_speech_actors_01-24/Actor_16/03-01-01-01-02-02-16.wav
calm,C:/Users/ajida/Desktop/projects/DIPLOMA/ravdess/audio_speech_actors_01-24/Actor_16/03-01-02-01-01-01-16.wav
calm,C:/Users/ajida/Desktop/projects/DIPLOMA/ravdess/audio_speech_actors_01-24/Actor_16/03-01-02-01-01-02-16.wav
calm,C:/Users/ajida/Desktop/projects/DIPLOMA/ravdess/audio_speech_actors_01-24/Actor_16/03-01-02-01-02-01-16.wav
calm,C:/Users/ajida/Desktop/projects/DIPLOMA/ravdess/audio_speech_actors_01-24/Actor_16/03-01-02-01-02-02-16.wav
calm,C:/Users/ajida/Desktop/projects/DIPLOMA/ravdess/audio_speech_actors_01-24/Actor_16/03-01-02-02-01-01-16.wav
calm,C:/Users/ajida/Desktop/projects/DIPLOMA/ravdess/audio_speech_actors_01-24/Actor_16/03-01-02-02-01-02-16.wav
calm,C:/Users/ajida/Desktop/projects/DIPLOMA/ravdess/audio_speech_actors_01-24/Actor_16/03-01-02-02-02-01-16.wav
calm,C:/Users/ajida/Desktop/projects/DIPLOMA/ravdess/audio_speech_actors_01-24/Actor_16/03-01-02-02-02-02-16.wav
happy,C:/Users/ajida/Desktop/projects/DIPLOMA/ravdess/audio_speech_actors_01-24/Actor_16/03-01-03-01-01-01-16.wav
happy,C:/Users/ajida/Desktop/projects/DIPLOMA/ravdess/audio_speech_actors_01-24/Actor_16/03-01-03-01-01-02-16.wav
happy,C:/Users/ajida/Desktop/projects/DIPLOMA/ravdess/audio_speech_actors_01-24/Actor_16/03-01-03-01-02-01-16.wav
happy,C:/Users/ajida/Desktop/projects/DIPLOMA/ravdess/audio_speech_actors_01-24/Actor_16/03-01-03-01-02-02-16.wav
happy,C:/Users/ajida/Desktop/projects/DIPLOMA/ravdess/audio_speech_actors_01-24/Actor_16/03-01-03-02-01-01-16.wav
happy,C:/Users/ajida/Desktop/projects/DIPLOMA/ravdess/audio_speech_actors_01-24/Actor_16/03-01-03-02-01-02-16.wav
happy,C:/Users/ajida/Desktop/projects/DIPLOMA/ravdess/audio_speech_actors_01-24/Actor_16/03-01-03-02-02-01-16.wav
happy,C:/Users/ajida/Desktop/projects/DIPLOMA/ravdess/audio_speech_actors_01-24/Actor_16/03-01-03-02-02-02-16.wav
sad,C:/Users/ajida/Desktop/projects/DIPLOMA/ravdess/audio_speech_actors_01-24/Actor_16/03-01-04-01-01-01-16.wav
sad,C:/Users/ajida/Desktop/projects/DIPLOMA/ravdess/audio_speech_actors_01-24/Actor_16/03-01-04-01-01-02-16.wav
sad,C:/Users/ajida/Desktop/projects/DIPLOMA/ravdess/audio_speech_actors_01-24/Actor_16/03-01-04-01-02-01-16.wav
sad,C:/Users/ajida/Desktop/projects/DIPLOMA/ravdess/audio_speech_actors_01-24/Actor_16/03-01-04-01-02-02-16.wav
sad,C:/Users/ajida/Desktop/projects/DIPLOMA/ravdess/audio_speech_actors_01-24/Actor_16/03-01-04-02-01-01-16.wav
sad,C:/Users/ajida/Desktop/projects/DIPLOMA/ravdess/audio_speech_actors_01-24/Actor_16/03-01-04-02-01-02-16.wav
sad,C:/Users/ajida/Desktop/projects/DIPLOMA/ravdess/audio_speech_actors_01-24/Actor_16/03-01-04-02-02-01-16.wav
sad,C:/Users/ajida/Desktop/projects/DIPLOMA/ravdess/audio_speech_actors_01-24/Actor_16/03-01-04-02-02-02-16.wav
angry,C:/Users/ajida/Desktop/projects/DIPLOMA/ravdess/audio_speech_actors_01-24/Actor_16/03-01-05-01-01-01-16.wav
angry,C:/Users/ajida/Desktop/projects/DIPLOMA/ravdess/audio_speech_actors_01-24/Actor_16/03-01-05-01-01-02-16.wav
angry,C:/Users/ajida/Desktop/projects/DIPLOMA/ravdess/audio_speech_actors_01-24/Actor_16/03-01-05-01-02-01-16.wav
angry,C:/Users/ajida/Desktop/projects/DIPLOMA/ravdess/audio_speech_actors_01-24/Actor_16/03-01-05-01-02-02-16.wav
angry,C:/Users/ajida/Desktop/projects/DIPLOMA/ravdess/audio_speech_actors_01-24/Actor_16/03-01-05-02-01-01-16.wav
angry,C:/Users/ajida/Desktop/projects/DIPLOMA/ravdess/audio_speech_actors_01-24/Actor_16/03-01-05-02-01-02-16.wav
angry,C:/Users/ajida/Desktop/projects/DIPLOMA/ravdess/audio_speech_actors_01-24/Actor_16/03-01-05-02-02-01-16.wav
angry,C:/Users/ajida/Desktop/projects/DIPLOMA/ravdess/audio_speech_actors_01-24/Actor_16/03-01-05-02-02-02-16.wav
fear,C:/Users/ajida/Desktop/projects/DIPLOMA/ravdess/audio_speech_actors_01-24/Actor_16/03-01-06-01-01-01-16.wav
fear,C:/Users/ajida/Desktop/projects/DIPLOMA/ravdess/audio_speech_actors_01-24/Actor_16/03-01-06-01-01-02-16.wav
fear,C:/Users/ajida/Desktop/projects/DIPLOMA/ravdess/audio_speech_actors_01-24/Actor_16/03-01-06-01-02-01-16.wav
fear,C:/Users/ajida/Desktop/projects/DIPLOMA/ravdess/audio_speech_actors_01-24/Actor_16/03-01-06-01-02-02-16.wav
fear,C:/Users/ajida/Desktop/projects/DIPLOMA/ravdess/audio_speech_actors_01-24/Actor_16/03-01-06-02-01-01-16.wav
fear,C:/Users/ajida/Desktop/projects/DIPLOMA/ravdess/audio_speech_actors_01-24/Actor_16/03-01-06-02-01-02-16.wav
fear,C:/Users/ajida/Desktop/projects/DIPLOMA/ravdess/audio_speech_actors_01-24/Actor_16/03-01-06-02-02-01-16.wav
fear,C:/Users/ajida/Desktop/projects/DIPLOMA/ravdess/audio_speech_actors_01-24/Actor_16/03-01-06-02-02-02-16.wav
disgust,C:/Users/ajida/Desktop/projects/DIPLOMA/ravdess/audio_speech_actors_01-24/Actor_16/03-01-07-01-01-01-16.wav
disgust,C:/Users/ajida/Desktop/projects/DIPLOMA/ravdess/audio_speech_actors_01-24/Actor_16/03-01-07-01-01-02-16.wav
disgust,C:/Users/ajida/Desktop/projects/DIPLOMA/ravdess/audio_speech_actors_01-24/Actor_16/03-01-07-01-02-01-16.wav
disgust,C:/Users/ajida/Desktop/projects/DIPLOMA/ravdess/audio_speech_actors_01-24/Actor_16/03-01-07-01-02-02-16.wav
disgust,C:/Users/ajida/Desktop/projects/DIPLOMA/ravdess/audio_speech_actors_01-24/Actor_16/03-01-07-02-01-01-16.wav
disgust,C:/Users/ajida/Desktop/projects/DIPLOMA/ravdess/audio_speech_actors_01-24/Actor_16/03-01-07-02-01-02-16.wav
disgust,C:/Users/ajida/Desktop/projects/DIPLOMA/ravdess/audio_speech_actors_01-24/Actor_16/03-01-07-02-02-01-16.wav
disgust,C:/Users/ajida/Desktop/projects/DIPLOMA/ravdess/audio_speech_actors_01-24/Actor_16/03-01-07-02-02-02-16.wav
surprise,C:/Users/ajida/Desktop/projects/DIPLOMA/ravdess/audio_speech_actors_01-24/Actor_16/03-01-08-01-01-01-16.wav
surprise,C:/Users/ajida/Desktop/projects/DIPLOMA/ravdess/audio_speech_actors_01-24/Actor_16/03-01-08-01-01-02-16.wav
surprise,C:/Users/ajida/Desktop/projects/DIPLOMA/ravdess/audio_speech_actors_01-24/Actor_16/03-01-08-01-02-01-16.wav
surprise,C:/Users/ajida/Desktop/projects/DIPLOMA/ravdess/audio_speech_actors_01-24/Actor_16/03-01-08-01-02-02-16.wav
surprise,C:/Users/ajida/Desktop/projects/DIPLOMA/ravdess/audio_speech_actors_01-24/Actor_16/03-01-08-02-01-01-16.wav
surprise,C:/Users/ajida/Desktop/projects/DIPLOMA/ravdess/audio_speech_actors_01-24/Actor_16/03-01-08-02-01-02-16.wav
surprise,C:/Users/ajida/Desktop/projects/DIPLOMA/ravdess/audio_speech_actors_01-24/Actor_16/03-01-08-02-02-01-16.wav
surprise,C:/Users/ajida/Desktop/projects/DIPLOMA/ravdess/audio_speech_actors_01-24/Actor_16/03-01-08-02-02-02-16.wav
neutral,C:/Users/ajida/Desktop/projects/DIPLOMA/ravdess/audio_speech_actors_01-24/Actor_18/03-01-01-01-01-01-18.wav
neutral,C:/Users/ajida/Desktop/projects/DIPLOMA/ravdess/audio_speech_actors_01-24/Actor_18/03-01-01-01-01-02-18.wav
neutral,C:/Users/ajida/Desktop/projects/DIPLOMA/ravdess/audio_speech_actors_01-24/Actor_18/03-01-01-01-02-01-18.wav
neutral,C:/Users/ajida/Desktop/projects/DIPLOMA/ravdess/audio_speech_actors_01-24/Actor_18/03-01-01-01-02-02-18.wav
calm,C:/Users/ajida/Desktop/projects/DIPLOMA/ravdess/audio_speech_actors_01-24/Actor_18/03-01-02-01-01-01-18.wav
calm,C:/Users/ajida/Desktop/projects/DIPLOMA/ravdess/audio_speech_actors_01-24/Actor_18/03-01-02-01-01-02-18.wav
calm,C:/Users/ajida/Desktop/projects/DIPLOMA/ravdess/audio_speech_actors_01-24/Actor_18/03-01-02-01-02-01-18.wav
calm,C:/Users/ajida/Desktop/projects/DIPLOMA/ravdess/audio_speech_actors_01-24/Actor_18/03-01-02-01-02-02-18.wav
calm,C:/Users/ajida/Desktop/projects/DIPLOMA/ravdess/audio_speech_actors_01-24/Actor_18/03-01-02-02-01-01-18.wav
calm,C:/Users/ajida/Desktop/projects/DIPLOMA/ravdess/audio_speech_actors_01-24/Actor_18/03-01-02-02-01-02-18.wav
calm,C:/Users/ajida/Desktop/projects/DIPLOMA/ravdess/audio_speech_actors_01-24/Actor_18/03-01-02-02-02-01-18.wav
calm,C:/Users/ajida/Desktop/projects/DIPLOMA/ravdess/audio_speech_actors_01-24/Actor_18/03-01-02-02-02-02-18.wav
happy,C:/Users/ajida/Desktop/projects/DIPLOMA/ravdess/audio_speech_actors_01-24/Actor_18/03-01-03-01-01-01-18.wav
happy,C:/Users/ajida/Desktop/projects/DIPLOMA/ravdess/audio_speech_actors_01-24/Actor_18/03-01-03-01-01-02-18.wav
happy,C:/Users/ajida/Desktop/projects/DIPLOMA/ravdess/audio_speech_actors_01-24/Actor_18/03-01-03-01-02-01-18.wav
happy,C:/Users/ajida/Desktop/projects/DIPLOMA/ravdess/audio_speech_actors_01-24/Actor_18/03-01-03-01-02-02-18.wav
happy,C:/Users/ajida/Desktop/projects/DIPLOMA/ravdess/audio_speech_actors_01-24/Actor_18/03-01-03-02-01-01-18.wav
happy,C:/Users/ajida/Desktop/projects/DIPLOMA/ravdess/audio_speech_actors_01-24/Actor_18/03-01-03-02-01-02-18.wav
happy,C:/Users/ajida/Desktop/projects/DIPLOMA/ravdess/audio_speech_actors_01-24/Actor_18/03-01-03-02-02-01-18.wav
happy,C:/Users/ajida/Desktop/projects/DIPLOMA/ravdess/audio_speech_actors_01-24/Actor_18/03-01-03-02-02-02-18.wav
sad,C:/Users/ajida/Desktop/projects/DIPLOMA/ravdess/audio_speech_actors_01-24/Actor_18/03-01-04-01-01-01-18.wav
sad,C:/Users/ajida/Desktop/projects/DIPLOMA/ravdess/audio_speech_actors_01-24/Actor_18/03-01-04-01-01-02-18.wav
sad,C:/Users/ajida/Desktop/projects/DIPLOMA/ravdess/audio_speech_actors_01-24/Actor_18/03-01-04-01-02-01-18.wav
sad,C:/Users/ajida/Desktop/projects/DIPLOMA/ravdess/audio_speech_actors_01-24/Actor_18/03-01-04-01-02-02-18.wav
sad,C:/Users/ajida/Desktop/projects/DIPLOMA/ravdess/audio_speech_actors_01-24/Actor_18/03-01-04-02-01-01-18.wav
sad,C:/Users/ajida/Desktop/projects/DIPLOMA/ravdess/audio_speech_actors_01-24/Actor_18/03-01-04-02-01-02-18.wav
sad,C:/Users/ajida/Desktop/projects/DIPLOMA/ravdess/audio_speech_actors_01-24/Actor_18/03-01-04-02-02-01-18.wav
sad,C:/Users/ajida/Desktop/projects/DIPLOMA/ravdess/audio_speech_actors_01-24/Actor_18/03-01-04-02-02-02-18.wav
angry,C:/Users/ajida/Desktop/projects/DIPLOMA/ravdess/audio_speech_actors_01-24/Actor_18/03-01-05-01-01-01-18.wav
angry,C:/Users/ajida/Desktop/projects/DIPLOMA/ravdess/audio_speech_actors_01-24/Actor_18/03-01-05-01-01-02-18.wav
angry,C:/Users/ajida/Desktop/projects/DIPLOMA/ravdess/audio_speech_actors_01-24/Actor_18/03-01-05-01-02-01-18.wav
angry,C:/Users/ajida/Desktop/projects/DIPLOMA/ravdess/audio_speech_actors_01-24/Actor_18/03-01-05-01-02-02-18.wav
angry,C:/Users/ajida/Desktop/projects/DIPLOMA/ravdess/audio_speech_actors_01-24/Actor_18/03-01-05-02-01-01-18.wav
angry,C:/Users/ajida/Desktop/projects/DIPLOMA/ravdess/audio_speech_actors_01-24/Actor_18/03-01-05-02-01-02-18.wav
angry,C:/Users/ajida/Desktop/projects/DIPLOMA/ravdess/audio_speech_actors_01-24/Actor_18/03-01-05-02-02-01-18.wav
angry,C:/Users/ajida/Desktop/projects/DIPLOMA/ravdess/audio_speech_actors_01-24/Actor_18/03-01-05-02-02-02-18.wav
fear,C:/Users/ajida/Desktop/projects/DIPLOMA/ravdess/audio_speech_actors_01-24/Actor_18/03-01-06-01-01-01-18.wav
fear,C:/Users/ajida/Desktop/projects/DIPLOMA/ravdess/audio_speech_actors_01-24/Actor_18/03-01-06-01-01-02-18.wav
fear,C:/Users/ajida/Desktop/projects/DIPLOMA/ravdess/audio_speech_actors_01-24/Actor_18/03-01-06-01-02-01-18.wav
fear,C:/Users/ajida/Desktop/projects/DIPLOMA/ravdess/audio_speech_actors_01-24/Actor_18/03-01-06-01-02-02-18.wav
fear,C:/Users/ajida/Desktop/projects/DIPLOMA/ravdess/audio_speech_actors_01-24/Actor_18/03-01-06-02-01-01-18.wav
fear,C:/Users/ajida/Desktop/projects/DIPLOMA/ravdess/audio_speech_actors_01-24/Actor_18/03-01-06-02-01-02-18.wav
fear,C:/Users/ajida/Desktop/projects/DIPLOMA/ravdess/audio_speech_actors_01-24/Actor_18/03-01-06-02-02-01-18.wav
fear,C:/Users/ajida/Desktop/projects/DIPLOMA/ravdess/audio_speech_actors_01-24/Actor_18/03-01-06-02-02-02-18.wav
disgust,C:/Users/ajida/Desktop/projects/DIPLOMA/ravdess/audio_speech_actors_01-24/Actor_18/03-01-07-01-01-01-18.wav
disgust,C:/Users/ajida/Desktop/projects/DIPLOMA/ravdess/audio_speech_actors_01-24/Actor_18/03-01-07-01-01-02-18.wav
disgust,C:/Users/ajida/Desktop/projects/DIPLOMA/ravdess/audio_speech_actors_01-24/Actor_18/03-01-07-01-02-01-18.wav
disgust,C:/Users/ajida/Desktop/projects/DIPLOMA/ravdess/audio_speech_actors_01-24/Actor_18/03-01-07-01-02-02-18.wav
disgust,C:/Users/ajida/Desktop/projects/DIPLOMA/ravdess/audio_speech_actors_01-24/Actor_18/03-01-07-02-01-01-18.wav
disgust,C:/Users/ajida/Desktop/projects/DIPLOMA/ravdess/audio_speech_actors_01-24/Actor_18/03-01-07-02-01-02-18.wav
disgust,C:/Users/ajida/Desktop/projects/DIPLOMA/ravdess/audio_speech_actors_01-24/Actor_18/03-01-07-02-02-01-18.wav
disgust,C:/Users/ajida/Desktop/projects/DIPLOMA/ravdess/audio_speech_actors_01-24/Actor_18/03-01-07-02-02-02-18.wav
surprise,C:/Users/ajida/Desktop/projects/DIPLOMA/ravdess/audio_speech_actors_01-24/Actor_18/03-01-08-01-01-01-18.wav
surprise,C:/Users/ajida/Desktop/projects/DIPLOMA/ravdess/audio_speech_actors_01-24/Actor_18/03-01-08-01-01-02-18.wav
surprise,C:/Users/ajida/Desktop/projects/DIPLOMA/ravdess/audio_speech_actors_01-24/Actor_18/03-01-08-01-02-01-18.wav
surprise,C:/Users/ajida/Desktop/projects/DIPLOMA/ravdess/audio_speech_actors_01-24/Actor_18/03-01-08-01-02-02-18.wav
surprise,C:/Users/ajida/Desktop/projects/DIPLOMA/ravdess/audio_speech_actors_01-24/Actor_18/03-01-08-02-01-01-18.wav
surprise,C:/Users/ajida/Desktop/projects/DIPLOMA/ravdess/audio_speech_actors_01-24/Actor_18/03-01-08-02-01-02-18.wav
surprise,C:/Users/ajida/Desktop/projects/DIPLOMA/ravdess/audio_speech_actors_01-24/Actor_18/03-01-08-02-02-01-18.wav
surprise,C:/Users/ajida/Desktop/projects/DIPLOMA/ravdess/audio_speech_actors_01-24/Actor_18/03-01-08-02-02-02-18.wav
neutral,C:/Users/ajida/Desktop/projects/DIPLOMA/ravdess/audio_speech_actors_01-24/Actor_20/03-01-01-01-01-01-20.wav
neutral,C:/Users/ajida/Desktop/projects/DIPLOMA/ravdess/audio_speech_actors_01-24/Actor_20/03-01-01-01-01-02-20.wav
neutral,C:/Users/ajida/Desktop/projects/DIPLOMA/ravdess/audio_speech_actors_01-24/Actor_20/03-01-01-01-02-01-20.wav
neutral,C:/Users/ajida/Desktop/projects/DIPLOMA/ravdess/audio_speech_actors_01-24/Actor_20/03-01-01-01-02-02-20.wav
calm,C:/Users/ajida/Desktop/projects/DIPLOMA/ravdess/audio_speech_actors_01-24/Actor_20/03-01-02-01-01-01-20.wav
calm,C:/Users/ajida/Desktop/projects/DIPLOMA/ravdess/audio_speech_actors_01-24/Actor_20/03-01-02-01-01-02-20.wav
calm,C:/Users/ajida/Desktop/projects/DIPLOMA/ravdess/audio_speech_actors_01-24/Actor_20/03-01-02-01-02-01-20.wav
calm,C:/Users/ajida/Desktop/projects/DIPLOMA/ravdess/audio_speech_actors_01-24/Actor_20/03-01-02-01-02-02-20.wav
calm,C:/Users/ajida/Desktop/projects/DIPLOMA/ravdess/audio_speech_actors_01-24/Actor_20/03-01-02-02-01-01-20.wav
calm,C:/Users/ajida/Desktop/projects/DIPLOMA/ravdess/audio_speech_actors_01-24/Actor_20/03-01-02-02-01-02-20.wav
calm,C:/Users/ajida/Desktop/projects/DIPLOMA/ravdess/audio_speech_actors_01-24/Actor_20/03-01-02-02-02-01-20.wav
calm,C:/Users/ajida/Desktop/projects/DIPLOMA/ravdess/audio_speech_actors_01-24/Actor_20/03-01-02-02-02-02-20.wav
happy,C:/Users/ajida/Desktop/projects/DIPLOMA/ravdess/audio_speech_actors_01-24/Actor_20/03-01-03-01-01-01-20.wav
happy,C:/Users/ajida/Desktop/projects/DIPLOMA/ravdess/audio_speech_actors_01-24/Actor_20/03-01-03-01-01-02-20.wav
happy,C:/Users/ajida/Desktop/projects/DIPLOMA/ravdess/audio_speech_actors_01-24/Actor_20/03-01-03-01-02-01-20.wav
happy,C:/Users/ajida/Desktop/projects/DIPLOMA/ravdess/audio_speech_actors_01-24/Actor_20/03-01-03-01-02-02-20.wav
happy,C:/Users/ajida/Desktop/projects/DIPLOMA/ravdess/audio_speech_actors_01-24/Actor_20/03-01-03-02-01-01-20.wav
happy,C:/Users/ajida/Desktop/projects/DIPLOMA/ravdess/audio_speech_actors_01-24/Actor_20/03-01-03-02-01-02-20.wav
happy,C:/Users/ajida/Desktop/projects/DIPLOMA/ravdess/audio_speech_actors_01-24/Actor_20/03-01-03-02-02-01-20.wav
happy,C:/Users/ajida/Desktop/projects/DIPLOMA/ravdess/audio_speech_actors_01-24/Actor_20/03-01-03-02-02-02-20.wav
sad,C:/Users/ajida/Desktop/projects/DIPLOMA/ravdess/audio_speech_actors_01-24/Actor_20/03-01-04-01-01-01-20.wav
sad,C:/Users/ajida/Desktop/projects/DIPLOMA/ravdess/audio_speech_actors_01-24/Actor_20/03-01-04-01-01-02-20.wav
sad,C:/Users/ajida/Desktop/projects/DIPLOMA/ravdess/audio_speech_actors_01-24/Actor_20/03-01-04-01-02-01-20.wav
sad,C:/Users/ajida/Desktop/projects/DIPLOMA/ravdess/audio_speech_actors_01-24/Actor_20/03-01-04-01-02-02-20.wav
sad,C:/Users/ajida/Desktop/projects/DIPLOMA/ravdess/audio_speech_actors_01-24/Actor_20/03-01-04-02-01-01-20.wav
sad,C:/Users/ajida/Desktop/projects/DIPLOMA/ravdess/audio_speech_actors_01-24/Actor_20/03-01-04-02-01-02-20.wav
sad,C:/Users/ajida/Desktop/projects/DIPLOMA/ravdess/audio_speech_actors_01-24/Actor_20/03-01-04-02-02-01-20.wav
sad,C:/Users/ajida/Desktop/projects/DIPLOMA/ravdess/audio_speech_actors_01-24/Actor_20/03-01-04-02-02-02-20.wav
angry,C:/Users/ajida/Desktop/projects/DIPLOMA/ravdess/audio_speech_actors_01-24/Actor_20/03-01-05-01-01-01-20.wav
angry,C:/Users/ajida/Desktop/projects/DIPLOMA/ravdess/audio_speech_actors_01-24/Actor_20/03-01-05-01-01-02-20.wav
angry,C:/Users/ajida/Desktop/projects/DIPLOMA/ravdess/audio_speech_actors_01-24/Actor_20/03-01-05-01-02-01-20.wav
angry,C:/Users/ajida/Desktop/projects/DIPLOMA/ravdess/audio_speech_actors_01-24/Actor_20/03-01-05-01-02-02-20.wav
angry,C:/Users/ajida/Desktop/projects/DIPLOMA/ravdess/audio_speech_actors_01-24/Actor_20/03-01-05-02-01-01-20.wav
angry,C:/Users/ajida/Desktop/projects/DIPLOMA/ravdess/audio_speech_actors_01-24/Actor_20/03-01-05-02-01-02-20.wav
angry,C:/Users/ajida/Desktop/projects/DIPLOMA/ravdess/audio_speech_actors_01-24/Actor_20/03-01-05-02-02-01-20.wav
angry,C:/Users/ajida/Desktop/projects/DIPLOMA/ravdess/audio_speech_actors_01-24/Actor_20/03-01-05-02-02-02-20.wav
fear,C:/Users/ajida/Desktop/projects/DIPLOMA/ravdess/audio_speech_actors_01-24/Actor_20/03-01-06-01-01-01-20.wav
fear,C:/Users/ajida/Desktop/projects/DIPLOMA/ravdess/audio_speech_actors_01-24/Actor_20/03-01-06-01-01-02-20.wav
fear,C:/Users/ajida/Desktop/projects/DIPLOMA/ravdess/audio_speech_actors_01-24/Actor_20/03-01-06-01-02-01-20.wav
fear,C:/Users/ajida/Desktop/projects/DIPLOMA/ravdess/audio_speech_actors_01-24/Actor_20/03-01-06-01-02-02-20.wav
fear,C:/Users/ajida/Desktop/projects/DIPLOMA/ravdess/audio_speech_actors_01-24/Actor_20/03-01-06-02-01-01-20.wav
fear,C:/Users/ajida/Desktop/projects/DIPLOMA/ravdess/audio_speech_actors_01-24/Actor_20/03-01-06-02-01-02-20.wav
fear,C:/Users/ajida/Desktop/projects/DIPLOMA/ravdess/audio_speech_actors_01-24/Actor_20/03-01-06-02-02-01-20.wav
fear,C:/Users/ajida/Desktop/projects/DIPLOMA/ravdess/audio_speech_actors_01-24/Actor_20/03-01-06-02-02-02-20.wav
disgust,C:/Users/ajida/Desktop/projects/DIPLOMA/ravdess/audio_speech_actors_01-24/Actor_20/03-01-07-01-01-01-20.wav
disgust,C:/Users/ajida/Desktop/projects/DIPLOMA/ravdess/audio_speech_actors_01-24/Actor_20/03-01-07-01-01-02-20.wav
disgust,C:/Users/ajida/Desktop/projects/DIPLOMA/ravdess/audio_speech_actors_01-24/Actor_20/03-01-07-01-02-01-20.wav
disgust,C:/Users/ajida/Desktop/projects/DIPLOMA/ravdess/audio_speech_actors_01-24/Actor_20/03-01-07-01-02-02-20.wav
disgust,C:/Users/ajida/Desktop/projects/DIPLOMA/ravdess/audio_speech_actors_01-24/Actor_20/03-01-07-02-01-01-20.wav
disgust,C:/Users/ajida/Desktop/projects/DIPLOMA/ravdess/audio_speech_actors_01-24/Actor_20/03-01-07-02-01-02-20.wav
disgust,C:/Users/ajida/Desktop/projects/DIPLOMA/ravdess/audio_speech_actors_01-24/Actor_20/03-01-07-02-02-01-20.wav
disgust,C:/Users/ajida/Desktop/projects/DIPLOMA/ravdess/audio_speech_actors_01-24/Actor_20/03-01-07-02-02-02-20.wav
surprise,C:/Users/ajida/Desktop/projects/DIPLOMA/ravdess/audio_speech_actors_01-24/Actor_20/03-01-08-01-01-01-20.wav
surprise,C:/Users/ajida/Desktop/projects/DIPLOMA/ravdess/audio_speech_actors_01-24/Actor_20/03-01-08-01-01-02-20.wav
surprise,C:/Users/ajida/Desktop/projects/DIPLOMA/ravdess/audio_speech_actors_01-24/Actor_20/03-01-08-01-02-01-20.wav
surprise,C:/Users/ajida/Desktop/projects/DIPLOMA/ravdess/audio_speech_actors_01-24/Actor_20/03-01-08-01-02-02-20.wav
surprise,C:/Users/ajida/Desktop/projects/DIPLOMA/ravdess/audio_speech_actors_01-24/Actor_20/03-01-08-02-01-01-20.wav
surprise,C:/Users/ajida/Desktop/projects/DIPLOMA/ravdess/audio_speech_actors_01-24/Actor_20/03-01-08-02-01-02-20.wav
surprise,C:/Users/ajida/Desktop/projects/DIPLOMA/ravdess/audio_speech_actors_01-24/Actor_20/03-01-08-02-02-01-20.wav
surprise,C:/Users/ajida/Desktop/projects/DIPLOMA/ravdess/audio_speech_actors_01-24/Actor_20/03-01-08-02-02-02-20.wav
neutral,C:/Users/ajida/Desktop/projects/DIPLOMA/ravdess/audio_speech_actors_01-24/Actor_22/03-01-01-01-01-01-22.wav
neutral,C:/Users/ajida/Desktop/projects/DIPLOMA/ravdess/audio_speech_actors_01-24/Actor_22/03-01-01-01-01-02-22.wav
neutral,C:/Users/ajida/Desktop/projects/DIPLOMA/ravdess/audio_speech_actors_01-24/Actor_22/03-01-01-01-02-01-22.wav
neutral,C:/Users/ajida/Desktop/projects/DIPLOMA/ravdess/audio_speech_actors_01-24/Actor_22/03-01-01-01-02-02-22.wav
calm,C:/Users/ajida/Desktop/projects/DIPLOMA/ravdess/audio_speech_actors_01-24/Actor_22/03-01-02-01-01-01-22.wav
calm,C:/Users/ajida/Desktop/projects/DIPLOMA/ravdess/audio_speech_actors_01-24/Actor_22/03-01-02-01-01-02-22.wav
calm,C:/Users/ajida/Desktop/projects/DIPLOMA/ravdess/audio_speech_actors_01-24/Actor_22/03-01-02-01-02-01-22.wav
calm,C:/Users/ajida/Desktop/projects/DIPLOMA/ravdess/audio_speech_actors_01-24/Actor_22/03-01-02-01-02-02-22.wav
calm,C:/Users/ajida/Desktop/projects/DIPLOMA/ravdess/audio_speech_actors_01-24/Actor_22/03-01-02-02-01-01-22.wav
calm,C:/Users/ajida/Desktop/projects/DIPLOMA/ravdess/audio_speech_actors_01-24/Actor_22/03-01-02-02-01-02-22.wav
calm,C:/Users/ajida/Desktop/projects/DIPLOMA/ravdess/audio_speech_actors_01-24/Actor_22/03-01-02-02-02-01-22.wav
calm,C:/Users/ajida/Desktop/projects/DIPLOMA/ravdess/audio_speech_actors_01-24/Actor_22/03-01-02-02-02-02-22.wav
happy,C:/Users/ajida/Desktop/projects/DIPLOMA/ravdess/audio_speech_actors_01-24/Actor_22/03-01-03-01-01-01-22.wav
happy,C:/Users/ajida/Desktop/projects/DIPLOMA/ravdess/audio_speech_actors_01-24/Actor_22/03-01-03-01-01-02-22.wav
happy,C:/Users/ajida/Desktop/projects/DIPLOMA/ravdess/audio_speech_actors_01-24/Actor_22/03-01-03-01-02-01-22.wav
happy,C:/Users/ajida/Desktop/projects/DIPLOMA/ravdess/audio_speech_actors_01-24/Actor_22/03-01-03-01-02-02-22.wav
happy,C:/Users/ajida/Desktop/projects/DIPLOMA/ravdess/audio_speech_actors_01-24/Actor_22/03-01-03-02-01-01-22.wav
happy,C:/Users/ajida/Desktop/projects/DIPLOMA/ravdess/audio_speech_actors_01-24/Actor_22/03-01-03-02-01-02-22.wav
happy,C:/Users/ajida/Desktop/projects/DIPLOMA/ravdess/audio_speech_actors_01-24/Actor_22/03-01-03-02-02-01-22.wav
happy,C:/Users/ajida/Desktop/projects/DIPLOMA/ravdess/audio_speech_actors_01-24/Actor_22/03-01-03-02-02-02-22.wav
sad,C:/Users/ajida/Desktop/projects/DIPLOMA/ravdess/audio_speech_actors_01-24/Actor_22/03-01-04-01-01-01-22.wav
sad,C:/Users/ajida/Desktop/projects/DIPLOMA/ravdess/audio_speech_actors_01-24/Actor_22/03-01-04-01-01-02-22.wav
sad,C:/Users/ajida/Desktop/projects/DIPLOMA/ravdess/audio_speech_actors_01-24/Actor_22/03-01-04-01-02-01-22.wav
sad,C:/Users/ajida/Desktop/projects/DIPLOMA/ravdess/audio_speech_actors_01-24/Actor_22/03-01-04-01-02-02-22.wav
sad,C:/Users/ajida/Desktop/projects/DIPLOMA/ravdess/audio_speech_actors_01-24/Actor_22/03-01-04-02-01-01-22.wav
sad,C:/Users/ajida/Desktop/projects/DIPLOMA/ravdess/audio_speech_actors_01-24/Actor_22/03-01-04-02-01-02-22.wav
sad,C:/Users/ajida/Desktop/projects/DIPLOMA/ravdess/audio_speech_actors_01-24/Actor_22/03-01-04-02-02-01-22.wav
sad,C:/Users/ajida/Desktop/projects/DIPLOMA/ravdess/audio_speech_actors_01-24/Actor_22/03-01-04-02-02-02-22.wav
angry,C:/Users/ajida/Desktop/projects/DIPLOMA/ravdess/audio_speech_actors_01-24/Actor_22/03-01-05-01-01-01-22.wav
angry,C:/Users/ajida/Desktop/projects/DIPLOMA/ravdess/audio_speech_actors_01-24/Actor_22/03-01-05-01-01-02-22.wav
angry,C:/Users/ajida/Desktop/projects/DIPLOMA/ravdess/audio_speech_actors_01-24/Actor_22/03-01-05-01-02-01-22.wav
angry,C:/Users/ajida/Desktop/projects/DIPLOMA/ravdess/audio_speech_actors_01-24/Actor_22/03-01-05-01-02-02-22.wav
angry,C:/Users/ajida/Desktop/projects/DIPLOMA/ravdess/audio_speech_actors_01-24/Actor_22/03-01-05-02-01-01-22.wav
angry,C:/Users/ajida/Desktop/projects/DIPLOMA/ravdess/audio_speech_actors_01-24/Actor_22/03-01-05-02-01-02-22.wav
angry,C:/Users/ajida/Desktop/projects/DIPLOMA/ravdess/audio_speech_actors_01-24/Actor_22/03-01-05-02-02-01-22.wav
angry,C:/Users/ajida/Desktop/projects/DIPLOMA/ravdess/audio_speech_actors_01-24/Actor_22/03-01-05-02-02-02-22.wav
fear,C:/Users/ajida/Desktop/projects/DIPLOMA/ravdess/audio_speech_actors_01-24/Actor_22/03-01-06-01-01-01-22.wav
fear,C:/Users/ajida/Desktop/projects/DIPLOMA/ravdess/audio_speech_actors_01-24/Actor_22/03-01-06-01-01-02-22.wav
fear,C:/Users/ajida/Desktop/projects/DIPLOMA/ravdess/audio_speech_actors_01-24/Actor_22/03-01-06-01-02-01-22.wav
fear,C:/Users/ajida/Desktop/projects/DIPLOMA/ravdess/audio_speech_actors_01-24/Actor_22/03-01-06-01-02-02-22.wav
fear,C:/Users/ajida/Desktop/projects/DIPLOMA/ravdess/audio_speech_actors_01-24/Actor_22/03-01-06-02-01-01-22.wav
fear,C:/Users/ajida/Desktop/projects/DIPLOMA/ravdess/audio_speech_actors_01-24/Actor_22/03-01-06-02-01-02-22.wav
fear,C:/Users/ajida/Desktop/projects/DIPLOMA/ravdess/audio_speech_actors_01-24/Actor_22/03-01-06-02-02-01-22.wav
fear,C:/Users/ajida/Desktop/projects/DIPLOMA/ravdess/audio_speech_actors_01-24/Actor_22/03-01-06-02-02-02-22.wav
disgust,C:/Users/ajida/Desktop/projects/DIPLOMA/ravdess/audio_speech_actors_01-24/Actor_22/03-01-07-01-01-01-22.wav
disgust,C:/Users/ajida/Desktop/projects/DIPLOMA/ravdess/audio_speech_actors_01-24/Actor_22/03-01-07-01-01-02-22.wav
disgust,C:/Users/ajida/Desktop/projects/DIPLOMA/ravdess/audio_speech_actors_01-24/Actor_22/03-01-07-01-02-01-22.wav
disgust,C:/Users/ajida/Desktop/projects/DIPLOMA/ravdess/audio_speech_actors_01-24/Actor_22/03-01-07-01-02-02-22.wav
disgust,C:/Users/ajida/Desktop/projects/DIPLOMA/ravdess/audio_speech_actors_01-24/Actor_22/03-01-07-02-01-01-22.wav
disgust,C:/Users/ajida/Desktop/projects/DIPLOMA/ravdess/audio_speech_actors_01-24/Actor_22/03-01-07-02-01-02-22.wav
disgust,C:/Users/ajida/Desktop/projects/DIPLOMA/ravdess/audio_speech_actors_01-24/Actor_22/03-01-07-02-02-01-22.wav
disgust,C:/Users/ajida/Desktop/projects/DIPLOMA/ravdess/audio_speech_actors_01-24/Actor_22/03-01-07-02-02-02-22.wav
surprise,C:/Users/ajida/Desktop/projects/DIPLOMA/ravdess/audio_speech_actors_01-24/Actor_22/03-01-08-01-01-01-22.wav
surprise,C:/Users/ajida/Desktop/projects/DIPLOMA/ravdess/audio_speech_actors_01-24/Actor_22/03-01-08-01-01-02-22.wav
surprise,C:/Users/ajida/Desktop/projects/DIPLOMA/ravdess/audio_speech_actors_01-24/Actor_22/03-01-08-01-02-01-22.wav
surprise,C:/Users/ajida/Desktop/projects/DIPLOMA/ravdess/audio_speech_actors_01-24/Actor_22/03-01-08-01-02-02-22.wav
surprise,C:/Users/ajida/Desktop/projects/DIPLOMA/ravdess/audio_speech_actors_01-24/Actor_22/03-01-08-02-01-01-22.wav
surprise,C:/Users/ajida/Desktop/projects/DIPLOMA/ravdess/audio_speech_actors_01-24/Actor_22/03-01-08-02-01-02-22.wav
surprise,C:/Users/ajida/Desktop/projects/DIPLOMA/ravdess/audio_speech_actors_01-24/Actor_22/03-01-08-02-02-01-22.wav
surprise,C:/Users/ajida/Desktop/projects/DIPLOMA/ravdess/audio_speech_actors_01-24/Actor_22/03-01-08-02-02-02-22.wav
neutral,C:/Users/ajida/Desktop/projects/DIPLOMA/ravdess/audio_speech_actors_01-24/Actor_24/03-01-01-01-01-01-24.wav
neutral,C:/Users/ajida/Desktop/projects/DIPLOMA/ravdess/audio_speech_actors_01-24/Actor_24/03-01-01-01-01-02-24.wav
neutral,C:/Users/ajida/Desktop/projects/DIPLOMA/ravdess/audio_speech_actors_01-24/Actor_24/03-01-01-01-02-01-24.wav
neutral,C:/Users/ajida/Desktop/projects/DIPLOMA/ravdess/audio_speech_actors_01-24/Actor_24/03-01-01-01-02-02-24.wav
calm,C:/Users/ajida/Desktop/projects/DIPLOMA/ravdess/audio_speech_actors_01-24/Actor_24/03-01-02-01-01-01-24.wav
calm,C:/Users/ajida/Desktop/projects/DIPLOMA/ravdess/audio_speech_actors_01-24/Actor_24/03-01-02-01-01-02-24.wav
calm,C:/Users/ajida/Desktop/projects/DIPLOMA/ravdess/audio_speech_actors_01-24/Actor_24/03-01-02-01-02-01-24.wav
calm,C:/Users/ajida/Desktop/projects/DIPLOMA/ravdess/audio_speech_actors_01-24/Actor_24/03-01-02-01-02-02-24.wav
calm,C:/Users/ajida/Desktop/projects/DIPLOMA/ravdess/audio_speech_actors_01-24/Actor_24/03-01-02-02-01-01-24.wav
calm,C:/Users/ajida/Desktop/projects/DIPLOMA/ravdess/audio_speech_actors_01-24/Actor_24/03-01-02-02-01-02-24.wav
calm,C:/Users/ajida/Desktop/projects/DIPLOMA/ravdess/audio_speech_actors_01-24/Actor_24/03-01-02-02-02-01-24.wav
calm,C:/Users/ajida/Desktop/projects/DIPLOMA/ravdess/audio_speech_actors_01-24/Actor_24/03-01-02-02-02-02-24.wav
happy,C:/Users/ajida/Desktop/projects/DIPLOMA/ravdess/audio_speech_actors_01-24/Actor_24/03-01-03-01-01-01-24.wav
happy,C:/Users/ajida/Desktop/projects/DIPLOMA/ravdess/audio_speech_actors_01-24/Actor_24/03-01-03-01-01-02-24.wav
happy,C:/Users/ajida/Desktop/projects/DIPLOMA/ravdess/audio_speech_actors_01-24/Actor_24/03-01-03-01-02-01-24.wav
happy,C:/Users/ajida/Desktop/projects/DIPLOMA/ravdess/audio_speech_actors_01-24/Actor_24/03-01-03-01-02-02-24.wav
happy,C:/Users/ajida/Desktop/projects/DIPLOMA/ravdess/audio_speech_actors_01-24/Actor_24/03-01-03-02-01-01-24.wav
happy,C:/Users/ajida/Desktop/projects/DIPLOMA/ravdess/audio_speech_actors_01-24/Actor_24/03-01-03-02-01-02-24.wav
happy,C:/Users/ajida/Desktop/projects/DIPLOMA/ravdess/audio_speech_actors_01-24/Actor_24/03-01-03-02-02-01-24.wav
happy,C:/Users/ajida/Desktop/projects/DIPLOMA/ravdess/audio_speech_actors_01-24/Actor_24/03-01-03-02-02-02-24.wav
sad,C:/Users/ajida/Desktop/projects/DIPLOMA/ravdess/audio_speech_actors_01-24/Actor_24/03-01-04-01-01-01-24.wav
sad,C:/Users/ajida/Desktop/projects/DIPLOMA/ravdess/audio_speech_actors_01-24/Actor_24/03-01-04-01-01-02-24.wav
sad,C:/Users/ajida/Desktop/projects/DIPLOMA/ravdess/audio_speech_actors_01-24/Actor_24/03-01-04-01-02-01-24.wav
sad,C:/Users/ajida/Desktop/projects/DIPLOMA/ravdess/audio_speech_actors_01-24/Actor_24/03-01-04-01-02-02-24.wav
sad,C:/Users/ajida/Desktop/projects/DIPLOMA/ravdess/audio_speech_actors_01-24/Actor_24/03-01-04-02-01-01-24.wav
sad,C:/Users/ajida/Desktop/projects/DIPLOMA/ravdess/audio_speech_actors_01-24/Actor_24/03-01-04-02-01-02-24.wav
sad,C:/Users/ajida/Desktop/projects/DIPLOMA/ravdess/audio_speech_actors_01-24/Actor_24/03-01-04-02-02-01-24.wav
sad,C:/Users/ajida/Desktop/projects/DIPLOMA/ravdess/audio_speech_actors_01-24/Actor_24/03-01-04-02-02-02-24.wav
angry,C:/Users/ajida/Desktop/projects/DIPLOMA/ravdess/audio_speech_actors_01-24/Actor_24/03-01-05-01-01-01-24.wav
angry,C:/Users/ajida/Desktop/projects/DIPLOMA/ravdess/audio_speech_actors_01-24/Actor_24/03-01-05-01-01-02-24.wav
angry,C:/Users/ajida/Desktop/projects/DIPLOMA/ravdess/audio_speech_actors_01-24/Actor_24/03-01-05-01-02-01-24.wav
angry,C:/Users/ajida/Desktop/projects/DIPLOMA/ravdess/audio_speech_actors_01-24/Actor_24/03-01-05-01-02-02-24.wav
angry,C:/Users/ajida/Desktop/projects/DIPLOMA/ravdess/audio_speech_actors_01-24/Actor_24/03-01-05-02-01-01-24.wav
angry,C:/Users/ajida/Desktop/projects/DIPLOMA/ravdess/audio_speech_actors_01-24/Actor_24/03-01-05-02-01-02-24.wav
angry,C:/Users/ajida/Desktop/projects/DIPLOMA/ravdess/audio_speech_actors_01-24/Actor_24/03-01-05-02-02-01-24.wav
angry,C:/Users/ajida/Desktop/projects/DIPLOMA/ravdess/audio_speech_actors_01-24/Actor_24/03-01-05-02-02-02-24.wav
fear,C:/Users/ajida/Desktop/projects/DIPLOMA/ravdess/audio_speech_actors_01-24/Actor_24/03-01-06-01-01-01-24.wav
fear,C:/Users/ajida/Desktop/projects/DIPLOMA/ravdess/audio_speech_actors_01-24/Actor_24/03-01-06-01-01-02-24.wav
fear,C:/Users/ajida/Desktop/projects/DIPLOMA/ravdess/audio_speech_actors_01-24/Actor_24/03-01-06-01-02-01-24.wav
fear,C:/Users/ajida/Desktop/projects/DIPLOMA/ravdess/audio_speech_actors_01-24/Actor_24/03-01-06-01-02-02-24.wav
fear,C:/Users/ajida/Desktop/projects/DIPLOMA/ravdess/audio_speech_actors_01-24/Actor_24/03-01-06-02-01-01-24.wav
fear,C:/Users/ajida/Desktop/projects/DIPLOMA/ravdess/audio_speech_actors_01-24/Actor_24/03-01-06-02-01-02-24.wav
fear,C:/Users/ajida/Desktop/projects/DIPLOMA/ravdess/audio_speech_actors_01-24/Actor_24/03-01-06-02-02-01-24.wav
fear,C:/Users/ajida/Desktop/projects/DIPLOMA/ravdess/audio_speech_actors_01-24/Actor_24/03-01-06-02-02-02-24.wav
disgust,C:/Users/ajida/Desktop/projects/DIPLOMA/ravdess/audio_speech_actors_01-24/Actor_24/03-01-07-01-01-01-24.wav
disgust,C:/Users/ajida/Desktop/projects/DIPLOMA/ravdess/audio_speech_actors_01-24/Actor_24/03-01-07-01-01-02-24.wav
disgust,C:/Users/ajida/Desktop/projects/DIPLOMA/ravdess/audio_speech_actors_01-24/Actor_24/03-01-07-01-02-01-24.wav
disgust,C:/Users/ajida/Desktop/projects/DIPLOMA/ravdess/audio_speech_actors_01-24/Actor_24/03-01-07-01-02-02-24.wav
disgust,C:/Users/ajida/Desktop/projects/DIPLOMA/ravdess/audio_speech_actors_01-24/Actor_24/03-01-07-02-01-01-24.wav
disgust,C:/Users/ajida/Desktop/projects/DIPLOMA/ravdess/audio_speech_actors_01-24/Actor_24/03-01-07-02-01-02-24.wav
disgust,C:/Users/ajida/Desktop/projects/DIPLOMA/ravdess/audio_speech_actors_01-24/Actor_24/03-01-07-02-02-01-24.wav
disgust,C:/Users/ajida/Desktop/projects/DIPLOMA/ravdess/audio_speech_actors_01-24/Actor_24/03-01-07-02-02-02-24.wav
surprise,C:/Users/ajida/Desktop/projects/DIPLOMA/ravdess/audio_speech_actors_01-24/Actor_24/03-01-08-01-01-01-24.wav
surprise,C:/Users/ajida/Desktop/projects/DIPLOMA/ravdess/audio_speech_actors_01-24/Actor_24/03-01-08-01-01-02-24.wav
surprise,C:/Users/ajida/Desktop/projects/DIPLOMA/ravdess/audio_speech_actors_01-24/Actor_24/03-01-08-01-02-01-24.wav
surprise,C:/Users/ajida/Desktop/projects/DIPLOMA/ravdess/audio_speech_actors_01-24/Actor_24/03-01-08-01-02-02-24.wav
surprise,C:/Users/ajida/Desktop/projects/DIPLOMA/ravdess/audio_speech_actors_01-24/Actor_24/03-01-08-02-01-01-24.wav
surprise,C:/Users/ajida/Desktop/projects/DIPLOMA/ravdess/audio_speech_actors_01-24/Actor_24/03-01-08-02-01-02-24.wav
surprise,C:/Users/ajida/Desktop/projects/DIPLOMA/ravdess/audio_speech_actors_01-24/Actor_24/03-01-08-02-02-01-24.wav
surprise,C:/Users/ajida/Desktop/projects/DIPLOMA/ravdess/audio_speech_actors_01-24/Actor_24/03-01-08-02-02-02-24.wav
